,col1
0,\xf0\x9f\x8f\xb4\xf3\xa0\x81\xa7\xf3\xa0\x81\xa2\xf3\xa0\x81\xb7\xf3\xa0\x81\xac\xf3\xa0\x81\xb3\xf3\xa0\x81\xbf
1,\xf0\x9f\x8f\xb4\xf3\xa0\x81\xa7\xf3\xa0\x81\xa2\xf3\xa0\x81\xa5\xf3\xa0\x81\xae\xf3\xa0\x81\xa7\xf3\xa0\x81\xbf
2,\xf0\x9f\x8f\xb4\xf3\xa0\x81\xa7\xf3\xa0\x81\xa2\xf3\xa0\x81\xb3\xf3\xa0\x81\xa3\xf3\xa0\x81\xb4\xf3\xa0\x81\xbf
3,\xf0\x9f\x87\xb3\xf0\x9f\x87\xb5
4,\xf0\x9f\x87\xbd\xf0\x9f\x87\xb0
5,\xf0\x9f\x99\x8d\xf0\x9f\x8f\xbf
6,\xf0\x9f\x91\x8a\xf0\x9f\x8f\xbe
7,\xf0\x9f\xa4\xa6\xf0\x9f\x8f\xbd
8,\xf0\x9f\x91\xb5\xf0\x9f\x8f\xbb
9,\xf0\x9f\x87\xb5\xf0\x9f\x87\xbc
10,\xf0\x9f\x92\xaa\xf0\x9f\x8f\xbc
11,\xf0\x9f\x87\xb8\xf0\x9f\x87\xb8
12,\xf0\x9f\xab\x85\xf0\x9f\x8f\xbe
13,\xf0\x9f\x87\xbe\xf0\x9f\x87\xaa
14,\xf0\x9f\x99\x86\xf0\x9f\x8f\xbc
15,\xf0\x9f\x87\xb0\xf0\x9f\x87\xb3
16,\xf0\x9f\xa4\xb7\xf0\x9f\x8f\xbc
17,\xf0\x9f\x91\xb0\xf0\x9f\x8f\xbd
18,\xf0\x9f\xa6\xbb\xf0\x9f\x8f\xbe
19,\xf0\x9f\x87\xac\xf0\x9f\x87\xac
20,\xf0\x9f\x87\xb8\xf0\x9f\x87\xb7
21,\xf0\x9f\xa7\x93\xf0\x9f\x8f\xbb
22,\xf0\x9f\x8f\x82\xf0\x9f\x8f\xbc
23,\xf0\x9f\xa4\x9c\xf0\x9f\x8f\xbd
24,\xf0\x9f\x87\xa6\xf0\x9f\x87\xac
25,\xf0\x9f\xa6\xb8\xf0\x9f\x8f\xbe
26,\xf0\x9f\x87\xa6\xf0\x9f\x87\xb7
27,\xf0\x9f\x87\xae\xf0\x9f\x87\xb6
28,\xf0\x9f\x91\xb1\xf0\x9f\x8f\xbf
29,\xf0\x9f\xa4\x9b\xf0\x9f\x8f\xbe
30,\xf0\x9f\xab\xb1\xf0\x9f\x8f\xbd
31,\xf0\x9f\x87\xa7\xf0\x9f\x87\xb1
32,\xf0\x9f\xab\xb0\xf0\x9f\x8f\xbf
33,\xf0\x9f\xa7\x94\xf0\x9f\x8f\xbc
34,\xf0\x9f\xab\xb4\xf0\x9f\x8f\xbd
35,\xf0\x9f\x92\x83\xf0\x9f\x8f\xbe
36,\xf0\x9f\x91\x8b\xf0\x9f\x8f\xbc
37,\xf0\x9f\x87\xa6\xf0\x9f\x87\xaa
38,\xf0\x9f\xa7\x96\xf0\x9f\x8f\xbe
39,\xf0\x9f\x87\xad\xf0\x9f\x87\xb9
40,\xf0\x9f\xa4\x9d\xf0\x9f\x8f\xbf
41,\xf0\x9f\x87\xb1\xf0\x9f\x87\xae
42,\xf0\x9f\x95\xb5\xf0\x9f\x8f\xbb
43,\xf0\x9f\x87\xa9\xf0\x9f\x87\xaa
44,\xf0\x9f\x87\xa7\xf0\x9f\x87\xbf
45,\xf0\x9f\xa7\x9b\xf0\x9f\x8f\xbb
46,\xf0\x9f\x91\xa6\xf0\x9f\x8f\xbc
47,\xf0\x9f\x91\xa9\xf0\x9f\x8f\xbd
48,\xf0\x9f\xa4\x9c\xf0\x9f\x8f\xbe
49,\xf0\x9f\xa7\x9b\xf0\x9f\x8f\xbc
50,\xf0\x9f\x91\xb2\xf0\x9f\x8f\xbd
51,\xf0\x9f\x91\x8e\xf0\x9f\x8f\xbd
52,\xf0\x9f\x91\xb5\xf0\x9f\x8f\xbc
53,\xf0\x9f\xa4\xb0\xf0\x9f\x8f\xbd
54,\xf0\x9f\x87\xa8\xf0\x9f\x87\xbf
55,\xf0\x9f\x91\xb5\xf0\x9f\x8f\xbf
56,\xf0\x9f\x87\xae\xf0\x9f\x87\xb3
57,\xf0\x9f\x96\x96\xf0\x9f\x8f\xbd
58,\xf0\x9f\x87\xb0\xf0\x9f\x87\xbe
59,\xf0\x9f\x9a\xb6\xf0\x9f\x8f\xbf
60,\xf0\x9f\x87\xac\xf0\x9f\x87\xad
61,\xf0\x9f\x91\xb3\xf0\x9f\x8f\xbf
62,\xf0\x9f\xa4\x8c\xf0\x9f\x8f\xbd
63,\xf0\x9f\xa4\xbd\xf0\x9f\x8f\xbe
64,\xf0\x9f\xa4\xb4\xf0\x9f\x8f\xbc
65,\xf0\x9f\x87\xa8\xf0\x9f\x87\xbc
66,\xf0\x9f\x87\xae\xf0\x9f\x87\xb8
67,\xf0\x9f\xa4\xb0\xf0\x9f\x8f\xbc
68,\xf0\x9f\x87\xa7\xf0\x9f\x87\xb2
69,\xf0\x9f\xa7\x8d\xf0\x9f\x8f\xbc
70,\xf0\x9f\xab\xb3\xf0\x9f\x8f\xbc
71,\xf0\x9f\x87\xad\xf0\x9f\x87\xb3
72,\xf0\x9f\x91\x83\xf0\x9f\x8f\xbe
73,\xf0\x9f\x99\x86\xf0\x9f\x8f\xbe
74,\xf0\x9f\x96\x96\xf0\x9f\x8f\xbc
75,\xf0\x9f\xa7\x95\xf0\x9f\x8f\xbf
76,\xf0\x9f\x92\x8f\xf0\x9f\x8f\xbd
77,\xf0\x9f\x8f\x82\xf0\x9f\x8f\xbd
78,\xf0\x9f\x91\x8c\xf0\x9f\x8f\xbd
79,\xf0\x9f\x92\x8f\xf0\x9f\x8f\xbf
80,\xf0\x9f\xa7\x97\xf0\x9f\x8f\xbb
81,\xf0\x9f\xa4\xb8\xf0\x9f\x8f\xbe
82,\xf0\x9f\xa4\x9c\xf0\x9f\x8f\xbc
83,\xf0\x9f\x91\xb2\xf0\x9f\x8f\xbf
84,\xf0\x9f\x96\x90\xf0\x9f\x8f\xbf
85,\xf0\x9f\x91\x8e\xf0\x9f\x8f\xbc
86,\xf0\x9f\x87\xa8\xf0\x9f\x87\xba
87,\xf0\x9f\x87\xbb\xf0\x9f\x87\xac
88,\xf0\x9f\x91\x8d\xf0\x9f\x8f\xbd
89,\xf0\x9f\xa4\x9d\xf0\x9f\x8f\xbb
90,\xf0\x9f\xa4\xb0\xf0\x9f\x8f\xbf
91,\xf0\x9f\x87\xab\xf0\x9f\x87\xb0
92,\xf0\x9f\x87\xaa\xf0\x9f\x87\xad
93,\xf0\x9f\xa7\x94\xf0\x9f\x8f\xbb
94,\xf0\x9f\xa6\xb8\xf0\x9f\x8f\xbc
95,\xf0\x9f\xa7\x99\xf0\x9f\x8f\xbf
96,\xf0\x9f\x87\xa7\xf0\x9f\x87\xbe
97,\xf0\x9f\x91\x8b\xf0\x9f\x8f\xbf
98,\xf0\x9f\x87\xa6\xf0\x9f\x87\xbf
99,\xf0\x9f\x91\x90\xf0\x9f\x8f\xbf
100,\xf0\x9f\xab\xb3\xf0\x9f\x8f\xbb
101,\xf0\x9f\x8f\x8b\xf0\x9f\x8f\xbf
102,\xf0\x9f\xa4\xb6\xf0\x9f\x8f\xbd
103,\xf0\x9f\x96\x95\xf0\x9f\x8f\xbe
104,\xf0\x9f\xa4\xb7\xf0\x9f\x8f\xbf
105,\xf0\x9f\x91\x89\xf0\x9f\x8f\xbc
106,\xf0\x9f\x87\xb1\xf0\x9f\x87\xb7
107,\xf0\x9f\x91\x8f\xf0\x9f\x8f\xbe
108,\xf0\x9f\x87\xb2\xf0\x9f\x87\xb8
109,\xf0\x9f\xa5\xb7\xf0\x9f\x8f\xbc
110,\xf0\x9f\xab\xb4\xf0\x9f\x8f\xbc
111,\xf0\x9f\xa4\xb0\xf0\x9f\x8f\xbb
112,\xf0\x9f\x87\xb9\xf0\x9f\x87\xac
113,\xf0\x9f\xab\x84\xf0\x9f\x8f\xbb
114,\xf0\x9f\xa7\x9b\xf0\x9f\x8f\xbd
115,\xf0\x9f\x91\xb8\xf0\x9f\x8f\xbc
116,\xf0\x9f\x91\xb4\xf0\x9f\x8f\xbc
117,\xf0\x9f\x8f\x8c\xf0\x9f\x8f\xbf
118,\xf0\x9f\xa7\x97\xf0\x9f\x8f\xbd
119,\xf0\x9f\xa4\xbd\xf0\x9f\x8f\xbd
120,\xf0\x9f\x87\xad\xf0\x9f\x87\xb7
121,\xf0\x9f\x99\x8c\xf0\x9f\x8f\xbc
122,\xf0\x9f\x87\xa8\xf0\x9f\x87\xa6
123,\xf0\x9f\x8f\x87\xf0\x9f\x8f\xbb
124,\xf0\x9f\x91\xac\xf0\x9f\x8f\xbb
125,\xf0\x9f\x91\xb6\xf0\x9f\x8f\xbf
126,\xf0\x9f\xa6\xb6\xf0\x9f\x8f\xbf
127,\xf0\x9f\xa7\x94\xf0\x9f\x8f\xbd
128,\xf0\x9f\x87\xa8\xf0\x9f\x87\xbb
129,\xf0\x9f\x87\xa6\xf0\x9f\x87\xb4
130,\xf0\x9f\x87\xab\xf0\x9f\x87\xb4
131,\xf0\x9f\x87\xb1\xf0\x9f\x87\xa7
132,\xf0\x9f\xa4\x9f\xf0\x9f\x8f\xbc
133,\xf0\x9f\x91\x8e\xf0\x9f\x8f\xbb
134,\xf0\x9f\x87\xae\xf0\x9f\x87\xb2
135,\xf0\x9f\x9a\xb4\xf0\x9f\x8f\xbf
136,\xf0\x9f\x87\xa8\xf0\x9f\x87\xb7
137,\xf0\x9f\x87\xb2\xf0\x9f\x87\xba
138,\xf0\x9f\x87\xb8\xf0\x9f\x87\xbd
139,\xf0\x9f\xa7\x9b\xf0\x9f\x8f\xbf
140,\xf0\x9f\x99\x8b\xf0\x9f\x8f\xbc
141,\xf0\x9f\x91\x8a\xf0\x9f\x8f\xbb
142,\xf0\x9f\x92\xaa\xf0\x9f\x8f\xbe
143,\xf0\x9f\x87\xb5\xf0\x9f\x87\xa6
144,\xf0\x9f\xab\xb0\xf0\x9f\x8f\xbd
145,\xf0\x9f\xa6\xb5\xf0\x9f\x8f\xbd
146,\xf0\x9f\x92\x87\xf0\x9f\x8f\xbc
147,\xf0\x9f\x99\x8c\xf0\x9f\x8f\xbd
148,\xf0\x9f\x96\x95\xf0\x9f\x8f\xbb
149,\xf0\x9f\xa4\xb9\xf0\x9f\x8f\xbf
150,\xf0\x9f\xab\xb1\xf0\x9f\x8f\xbe
151,\xf0\x9f\x91\xa9\xf0\x9f\x8f\xbe
152,\xf0\x9f\xab\xb0\xf0\x9f\x8f\xbb
153,\xf0\x9f\x91\xb8\xf0\x9f\x8f\xbe
154,\xf0\x9f\x91\xb6\xf0\x9f\x8f\xbc
155,\xf0\x9f\x92\x81\xf0\x9f\x8f\xbf
156,\xf0\x9f\x9a\xb4\xf0\x9f\x8f\xbc
157,\xf0\x9f\x87\xb3\xf0\x9f\x87\xaa
158,\xf0\x9f\x87\xba\xf0\x9f\x87\xb8
159,\xf0\x9f\xa4\x99\xf0\x9f\x8f\xbd
160,\xf0\x9f\x99\x8e\xf0\x9f\x8f\xbb
161,\xf0\x9f\x99\x8e\xf0\x9f\x8f\xbf
162,\xf0\x9f\x91\xab\xf0\x9f\x8f\xbd
163,\xf0\x9f\xab\xb0\xf0\x9f\x8f\xbe
164,\xf0\x9f\x87\xbe\xf0\x9f\x87\xb9
165,\xf0\x9f\xa6\xb5\xf0\x9f\x8f\xbc
166,\xf0\x9f\x87\xb2\xf0\x9f\x87\xaa
167,\xf0\x9f\x91\xb1\xf0\x9f\x8f\xbe
168,\xf0\x9f\x87\xab\xf0\x9f\x87\xaf
169,\xf0\x9f\x9a\xb4\xf0\x9f\x8f\xbd
170,\xf0\x9f\x91\xad\xf0\x9f\x8f\xbe
171,\xf0\x9f\xa7\x97\xf0\x9f\x8f\xbf
172,\xf0\x9f\x92\x83\xf0\x9f\x8f\xbd
173,\xf0\x9f\xa7\x98\xf0\x9f\x8f\xbb
174,\xf0\x9f\xab\xb2\xf0\x9f\x8f\xbf
175,\xf0\x9f\x87\xb9\xf0\x9f\x87\xa8
176,\xf0\x9f\x92\x83\xf0\x9f\x8f\xbf
177,\xf0\x9f\x87\xa7\xf0\x9f\x87\xae
178,\xf0\x9f\xa7\x92\xf0\x9f\x8f\xbf
179,\xf0\x9f\xab\xb1\xf0\x9f\x8f\xbf
180,\xf0\x9f\x87\xbb\xf0\x9f\x87\xaa
181,\xf0\x9f\x8f\x84\xf0\x9f\x8f\xbf
182,\xf0\x9f\x87\xb8\xf0\x9f\x87\xb0
183,\xf0\x9f\x87\xb9\xf0\x9f\x87\xb0
184,\xf0\x9f\xa7\x8e\xf0\x9f\x8f\xbc
185,\xf0\x9f\x92\x91\xf0\x9f\x8f\xbe
186,\xf0\x9f\x9b\x8c\xf0\x9f\x8f\xbf
187,\xf0\x9f\x91\x8c\xf0\x9f\x8f\xbe
188,\xf0\x9f\xa4\xbd\xf0\x9f\x8f\xbc
189,\xf0\x9f\x87\xb8\xf0\x9f\x87\xae
190,\xf0\x9f\xa4\x9d\xf0\x9f\x8f\xbe
191,\xf0\x9f\xa7\x9d\xf0\x9f\x8f\xbb
192,\xf0\x9f\x92\x81\xf0\x9f\x8f\xbc
193,\xf0\x9f\xab\xb4\xf0\x9f\x8f\xbb
194,\xf0\x9f\x91\x82\xf0\x9f\x8f\xbc
195,\xf0\x9f\x87\xaa\xf0\x9f\x87\xb9
196,\xf0\x9f\x92\x8f\xf0\x9f\x8f\xbc
197,\xf0\x9f\x87\xb0\xf0\x9f\x87\xb7
198,\xf0\x9f\x91\x8f\xf0\x9f\x8f\xbd
199,\xf0\x9f\x99\x8b\xf0\x9f\x8f\xbd
200,\xf0\x9f\x87\xae\xf0\x9f\x87\xaa
201,\xf0\x9f\x87\xaf\xf0\x9f\x87\xb5
202,\xf0\x9f\x87\xb2\xf0\x9f\x87\xb9
203,\xf0\x9f\xa4\x98\xf0\x9f\x8f\xbb
204,\xf0\x9f\x99\x87\xf0\x9f\x8f\xbd
205,\xf0\x9f\x87\xa8\xf0\x9f\x87\xbe
206,\xf0\x9f\x87\xb5\xf0\x9f\x87\xb7
207,\xf0\x9f\xab\x83\xf0\x9f\x8f\xbe
208,\xf0\x9f\xa4\x9a\xf0\x9f\x8f\xbb
209,\xf0\x9f\xa4\xb1\xf0\x9f\x8f\xbb
210,\xf0\x9f\x91\xa8\xf0\x9f\x8f\xbc
211,\xf0\x9f\x91\x8a\xf0\x9f\x8f\xbd
212,\xf0\x9f\xa7\x8e\xf0\x9f\x8f\xbf
213,\xf0\x9f\x91\x8b\xf0\x9f\x8f\xbd
214,\xf0\x9f\xa7\x92\xf0\x9f\x8f\xbe
215,\xf0\x9f\x87\xa7\xf0\x9f\x87\xad
216,\xf0\x9f\x87\xba\xf0\x9f\x87\xbe
217,\xf0\x9f\xab\x83\xf0\x9f\x8f\xbb
218,\xf0\x9f\x87\xac\xf0\x9f\x87\xb9
219,\xf0\x9f\xa4\xb9\xf0\x9f\x8f\xbb
220,\xf0\x9f\x9b\x80\xf0\x9f\x8f\xbe
221,\xf0\x9f\x96\x90\xf0\x9f\x8f\xbd
222,\xf0\x9f\x87\xa7\xf0\x9f\x87\xb8
223,\xf0\x9f\x92\x82\xf0\x9f\x8f\xbc
224,\xf0\x9f\x99\x86\xf0\x9f\x8f\xbd
225,\xf0\x9f\x87\xa8\xf0\x9f\x87\xb0
226,\xf0\x9f\xa7\x95\xf0\x9f\x8f\xbe
227,\xf0\x9f\xab\x84\xf0\x9f\x8f\xbd
228,\xf0\x9f\x87\xb2\xf0\x9f\x87\xb3
229,\xf0\x9f\x99\x8e\xf0\x9f\x8f\xbe
230,\xf0\x9f\x87\xb2\xf0\x9f\x87\xbb
231,\xf0\x9f\x91\x8e\xf0\x9f\x8f\xbf
232,\xf0\x9f\x99\x8c\xf0\x9f\x8f\xbf
233,\xf0\x9f\x87\xa7\xf0\x9f\x87\xab
234,\xf0\x9f\x91\x87\xf0\x9f\x8f\xbe
235,\xf0\x9f\x87\xb8\xf0\x9f\x87\xb4
236,\xf0\x9f\xa7\x8d\xf0\x9f\x8f\xbd
237,\xf0\x9f\xab\xb5\xf0\x9f\x8f\xbd
238,\xf0\x9f\x87\xb3\xf0\x9f\x87\xb7
239,\xf0\x9f\xa4\xb2\xf0\x9f\x8f\xbf
240,\xf0\x9f\x99\x8f\xf0\x9f\x8f\xbe
241,\xf0\x9f\xa5\xb7\xf0\x9f\x8f\xbe
242,\xf0\x9f\x8f\x87\xf0\x9f\x8f\xbe
243,\xf0\x9f\xab\x84\xf0\x9f\x8f\xbe
244,\xf0\x9f\x9a\xb5\xf0\x9f\x8f\xbf
245,\xf0\x9f\x91\x82\xf0\x9f\x8f\xbb
246,\xf0\x9f\x87\xb1\xf0\x9f\x87\xa6
247,\xf0\x9f\xa4\x9f\xf0\x9f\x8f\xbb
248,\xf0\x9f\x91\x82\xf0\x9f\x8f\xbf
249,\xf0\x9f\x87\xb7\xf0\x9f\x87\xbc
250,\xf0\x9f\x92\x81\xf0\x9f\x8f\xbe
251,\xf0\x9f\x87\xa7\xf0\x9f\x87\xaa
252,\xf0\x9f\xab\x85\xf0\x9f\x8f\xbb
253,\xf0\x9f\x91\xb3\xf0\x9f\x8f\xbc
254,\xf0\x9f\x87\xb2\xf0\x9f\x87\xad
255,\xf0\x9f\x87\xaa\xf0\x9f\x87\xaa
256,\xf0\x9f\x91\xad\xf0\x9f\x8f\xbd
257,\xf0\x9f\x91\x88\xf0\x9f\x8f\xbf
258,\xf0\x9f\x91\x89\xf0\x9f\x8f\xbb
259,\xf0\x9f\x91\x89\xf0\x9f\x8f\xbd
260,\xf0\x9f\xa4\xb4\xf0\x9f\x8f\xbd
261,\xf0\x9f\x91\xb6\xf0\x9f\x8f\xbe
262,\xf0\x9f\x95\xb4\xf0\x9f\x8f\xbf
263,\xf0\x9f\x91\x8d\xf0\x9f\x8f\xbe
264,\xf0\x9f\xa6\xb9\xf0\x9f\x8f\xbc
265,\xf0\x9f\xab\xb8\xf0\x9f\x8f\xbf
266,\xf0\x9f\x87\xb8\xf0\x9f\x87\xb3
267,\xf0\x9f\xa7\x8d\xf0\x9f\x8f\xbf
268,\xf0\x9f\x8e\x85\xf0\x9f\x8f\xbe
269,\xf0\x9f\x8f\x84\xf0\x9f\x8f\xbb
270,\xf0\x9f\xa7\x9b\xf0\x9f\x8f\xbe
271,\xf0\x9f\x8f\x8b\xf0\x9f\x8f\xbd
272,\xf0\x9f\x87\xbc\xf0\x9f\x87\xb8
273,\xf0\x9f\xa4\x9e\xf0\x9f\x8f\xbe
274,\xf0\x9f\x87\xaa\xf0\x9f\x87\xb8
275,\xf0\x9f\x87\xb0\xf0\x9f\x87\xaa
276,\xf0\x9f\x95\xb4\xf0\x9f\x8f\xbe
277,\xf0\x9f\x87\xb9\xf0\x9f\x87\xa6
278,\xf0\x9f\x87\xae\xf0\x9f\x87\xb7
279,\xf0\x9f\xa7\x99\xf0\x9f\x8f\xbc
280,\xf0\x9f\xa4\xb3\xf0\x9f\x8f\xbb
281,\xf0\x9f\xa4\xb4\xf0\x9f\x8f\xbe
282,\xf0\x9f\x8f\x83\xf0\x9f\x8f\xbe
283,\xf0\x9f\x92\x86\xf0\x9f\x8f\xbc
284,\xf0\x9f\x91\xb0\xf0\x9f\x8f\xbf
285,\xf0\x9f\x87\xb3\xf0\x9f\x87\xac
286,\xf0\x9f\x91\xb7\xf0\x9f\x8f\xbd
287,\xf0\x9f\xab\xb5\xf0\x9f\x8f\xbc
288,\xf0\x9f\x8f\x83\xf0\x9f\x8f\xbc
289,\xf0\x9f\x87\xa7\xf0\x9f\x87\xb6
290,\xf0\x9f\x87\xb5\xf0\x9f\x87\xb2
291,\xf0\x9f\x87\xb9\xf0\x9f\x87\xbf
292,\xf0\x9f\x91\x8a\xf0\x9f\x8f\xbf
293,\xf0\x9f\x99\x8e\xf0\x9f\x8f\xbc
294,\xf0\x9f\x92\xaa\xf0\x9f\x8f\xbb
295,\xf0\x9f\x87\xae\xf0\x9f\x87\xa8
296,\xf0\x9f\xa4\xa6\xf0\x9f\x8f\xbb
297,\xf0\x9f\xab\xb1\xf0\x9f\x8f\xbb
298,\xf0\x9f\x87\xac\xf0\x9f\x87\xaa
299,\xf0\x9f\x96\x90\xf0\x9f\x8f\xbc
300,\xf0\x9f\xa4\x9d\xf0\x9f\x8f\xbc
301,\xf0\x9f\x87\xac\xf0\x9f\x87\xbc
302,\xf0\x9f\x91\x88\xf0\x9f\x8f\xbd
303,\xf0\x9f\xa4\xb1\xf0\x9f\x8f\xbf
304,\xf0\x9f\x91\xa7\xf0\x9f\x8f\xbd
305,\xf0\x9f\x91\xac\xf0\x9f\x8f\xbe
306,\xf0\x9f\x91\xad\xf0\x9f\x8f\xbc
307,\xf0\x9f\x91\xb7\xf0\x9f\x8f\xbe
308,\xf0\x9f\xa7\x9d\xf0\x9f\x8f\xbf
309,\xf0\x9f\x91\x90\xf0\x9f\x8f\xbb
310,\xf0\x9f\x91\xb5\xf0\x9f\x8f\xbe
311,\xf0\x9f\x9a\xb5\xf0\x9f\x8f\xbe
312,\xf0\x9f\x87\xaf\xf0\x9f\x87\xb4
313,\xf0\x9f\xa7\x8f\xf0\x9f\x8f\xbe
314,\xf0\x9f\x87\xa6\xf0\x9f\x87\xbd
315,\xf0\x9f\x87\xb9\xf0\x9f\x87\xbc
316,\xf0\x9f\xa4\xb8\xf0\x9f\x8f\xbc
317,\xf0\x9f\x87\xb6\xf0\x9f\x87\xa6
318,\xf0\x9f\x91\x8f\xf0\x9f\x8f\xbb
319,\xf0\x9f\xab\xb8\xf0\x9f\x8f\xbc
320,\xf0\x9f\xa4\xb8\xf0\x9f\x8f\xbd
321,\xf0\x9f\x87\xa9\xf0\x9f\x87\xaf
322,\xf0\x9f\x87\xb9\xf0\x9f\x87\xb4
323,\xf0\x9f\x87\xac\xf0\x9f\x87\xab
324,\xf0\x9f\x87\xb8\xf0\x9f\x87\xbe
325,\xf0\x9f\x91\x87\xf0\x9f\x8f\xbf
326,\xf0\x9f\x91\xb6\xf0\x9f\x8f\xbd
327,\xf0\x9f\x91\x8a\xf0\x9f\x8f\xbc
328,\xf0\x9f\x96\x96\xf0\x9f\x8f\xbe
329,\xf0\x9f\x95\xba\xf0\x9f\x8f\xbe
330,\xf0\x9f\xa7\x9c\xf0\x9f\x8f\xbc
331,\xf0\x9f\x91\xa7\xf0\x9f\x8f\xbc
332,\xf0\x9f\x91\xb8\xf0\x9f\x8f\xbd
333,\xf0\x9f\xab\x83\xf0\x9f\x8f\xbd
334,\xf0\x9f\x87\xb8\xf0\x9f\x87\xa9
335,\xf0\x9f\x91\x90\xf0\x9f\x8f\xbe
336,\xf0\x9f\x87\xb3\xf0\x9f\x87\xbf
337,\xf0\x9f\x91\xbc\xf0\x9f\x8f\xbe
338,\xf0\x9f\x92\x81\xf0\x9f\x8f\xbb
339,\xf0\x9f\x9a\xa3\xf0\x9f\x8f\xbc
340,\xf0\x9f\xa4\xb4\xf0\x9f\x8f\xbf
341,\xf0\x9f\x9a\xb6\xf0\x9f\x8f\xbd
342,\xf0\x9f\xa7\x93\xf0\x9f\x8f\xbc
343,\xf0\x9f\x87\xba\xf0\x9f\x87\xb2
344,\xf0\x9f\x87\xa6\xf0\x9f\x87\xa8
345,\xf0\x9f\xa6\xb6\xf0\x9f\x8f\xbc
346,\xf0\x9f\x87\xb2\xf0\x9f\x87\xb7
347,\xf0\x9f\x91\xb7\xf0\x9f\x8f\xbc
348,\xf0\x9f\xab\x83\xf0\x9f\x8f\xbf
349,\xf0\x9f\x87\xab\xf0\x9f\x87\xae
350,\xf0\x9f\x92\xaa\xf0\x9f\x8f\xbd
351,\xf0\x9f\x87\xb2\xf0\x9f\x87\xbf
352,\xf0\x9f\xa4\xb9\xf0\x9f\x8f\xbe
353,\xf0\x9f\x8f\x83\xf0\x9f\x8f\xbd
354,\xf0\x9f\x91\x87\xf0\x9f\x8f\xbb
355,\xf0\x9f\x9a\xb5\xf0\x9f\x8f\xbb
356,\xf0\x9f\x8f\x83\xf0\x9f\x8f\xbb
357,\xf0\x9f\x9b\x8c\xf0\x9f\x8f\xbe
358,\xf0\x9f\x87\xa8\xf0\x9f\x87\xb5
359,\xf0\x9f\x99\x87\xf0\x9f\x8f\xbe
360,\xf0\x9f\xa7\x91\xf0\x9f\x8f\xbc
361,\xf0\x9f\x87\xa7\xf0\x9f\x87\xaf
362,\xf0\x9f\xa4\x8f\xf0\x9f\x8f\xbf
363,\xf0\x9f\xa4\x9e\xf0\x9f\x8f\xbc
364,\xf0\x9f\xa6\xbb\xf0\x9f\x8f\xbf
365,\xf0\x9f\xa4\xb4\xf0\x9f\x8f\xbb
366,\xf0\x9f\x87\xac\xf0\x9f\x87\xa6
367,\xf0\x9f\x91\x88\xf0\x9f\x8f\xbb
368,\xf0\x9f\x8f\x8c\xf0\x9f\x8f\xbe
369,\xf0\x9f\x87\xac\xf0\x9f\x87\xb1
370,\xf0\x9f\x91\xab\xf0\x9f\x8f\xbb
371,\xf0\x9f\xab\xb6\xf0\x9f\x8f\xbd
372,\xf0\x9f\xa4\xbd\xf0\x9f\x8f\xbf
373,\xf0\x9f\x87\xbf\xf0\x9f\x87\xb2
374,\xf0\x9f\xa7\x96\xf0\x9f\x8f\xbc
375,\xf0\x9f\xa4\x8f\xf0\x9f\x8f\xbe
376,\xf0\x9f\xa4\x8f\xf0\x9f\x8f\xbb
377,\xf0\x9f\xa7\x9c\xf0\x9f\x8f\xbd
378,\xf0\x9f\x8f\x82\xf0\x9f\x8f\xbe
379,\xf0\x9f\x8e\x85\xf0\x9f\x8f\xbc
380,\xf0\x9f\x91\xae\xf0\x9f\x8f\xbc
381,\xf0\x9f\xa7\x98\xf0\x9f\x8f\xbd
382,\xf0\x9f\x99\x8f\xf0\x9f\x8f\xbd
383,\xf0\x9f\x8f\x8b\xf0\x9f\x8f\xbb
384,\xf0\x9f\x87\xb0\xf0\x9f\x87\xad
385,\xf0\x9f\xa7\x99\xf0\x9f\x8f\xbd
386,\xf0\x9f\x87\xa8\xf0\x9f\x87\xb4
387,\xf0\x9f\xa4\xb2\xf0\x9f\x8f\xbc
388,\xf0\x9f\x91\xb0\xf0\x9f\x8f\xbc
389,\xf0\x9f\xa7\x91\xf0\x9f\x8f\xbd
390,\xf0\x9f\x99\x8b\xf0\x9f\x8f\xbe
391,\xf0\x9f\x87\xa6\xf0\x9f\x87\xab
392,\xf0\x9f\x91\xa6\xf0\x9f\x8f\xbf
393,\xf0\x9f\x87\xac\xf0\x9f\x87\xa7
394,\xf0\x9f\x9a\xb4\xf0\x9f\x8f\xbb
395,\xf0\x9f\x91\xb7\xf0\x9f\x8f\xbf
396,\xf0\x9f\x87\xa7\xf0\x9f\x87\xa9
397,\xf0\x9f\x95\xb4\xf0\x9f\x8f\xbc
398,\xf0\x9f\x92\x85\xf0\x9f\x8f\xbb
399,\xf0\x9f\xa7\x96\xf0\x9f\x8f\xbb
400,\xf0\x9f\xa7\x9c\xf0\x9f\x8f\xbb
401,\xf0\x9f\x87\xaa\xf0\x9f\x87\xa8
402,\xf0\x9f\x91\xb4\xf0\x9f\x8f\xbd
403,\xf0\x9f\x87\xb8\xf0\x9f\x87\xa7
404,\xf0\x9f\xa4\xb5\xf0\x9f\x8f\xbe
405,\xf0\x9f\x99\x87\xf0\x9f\x8f\xbb
406,\xf0\x9f\x87\xad\xf0\x9f\x87\xb0
407,\xf0\x9f\x87\xb3\xf0\x9f\x87\xae
408,\xf0\x9f\x87\xb9\xf0\x9f\x87\xb1
409,\xf0\x9f\xa7\x9d\xf0\x9f\x8f\xbe
410,\xf0\x9f\x99\x8c\xf0\x9f\x8f\xbb
411,\xf0\x9f\x87\xa9\xf0\x9f\x87\xb2
412,\xf0\x9f\xa4\x9e\xf0\x9f\x8f\xbb
413,\xf0\x9f\x87\xb1\xf0\x9f\x87\xb8
414,\xf0\x9f\x92\x87\xf0\x9f\x8f\xbf
415,\xf0\x9f\x91\xb4\xf0\x9f\x8f\xbb
416,\xf0\x9f\x91\x8d\xf0\x9f\x8f\xbc
417,\xf0\x9f\x92\x85\xf0\x9f\x8f\xbf
418,\xf0\x9f\x87\xa8\xf0\x9f\x87\xab
419,\xf0\x9f\xa4\xb6\xf0\x9f\x8f\xbb
420,\xf0\x9f\x87\xb1\xf0\x9f\x87\xa8
421,\xf0\x9f\x91\x87\xf0\x9f\x8f\xbc
422,\xf0\x9f\x92\x91\xf0\x9f\x8f\xbd
423,\xf0\x9f\x8e\x85\xf0\x9f\x8f\xbb
424,\xf0\x9f\x91\xb5\xf0\x9f\x8f\xbd
425,\xf0\x9f\xa4\xb1\xf0\x9f\x8f\xbd
426,\xf0\x9f\x91\x83\xf0\x9f\x8f\xbc
427,\xf0\x9f\x95\xba\xf0\x9f\x8f\xbb
428,\xf0\x9f\x91\xae\xf0\x9f\x8f\xbf
429,\xf0\x9f\xa4\x9e\xf0\x9f\x8f\xbf
430,\xf0\x9f\xa4\xb9\xf0\x9f\x8f\xbc
431,\xf0\x9f\x8f\x8a\xf0\x9f\x8f\xbc
432,\xf0\x9f\x87\xbf\xf0\x9f\x87\xa6
433,\xf0\x9f\x87\xa6\xf0\x9f\x87\xb2
434,\xf0\x9f\x87\xb7\xf0\x9f\x87\xba
435,\xf0\x9f\xa5\xb7\xf0\x9f\x8f\xbd
436,\xf0\x9f\xa7\x98\xf0\x9f\x8f\xbf
437,\xf0\x9f\xa7\x97\xf0\x9f\x8f\xbc
438,\xf0\x9f\x87\xbc\xf0\x9f\x87\xab
439,\xf0\x9f\xa7\x8e\xf0\x9f\x8f\xbe
440,\xf0\x9f\x87\xa9\xf0\x9f\x87\xb0
441,\xf0\x9f\x92\x83\xf0\x9f\x8f\xbc
442,\xf0\x9f\x9a\xb6\xf0\x9f\x8f\xbb
443,\xf0\x9f\x87\xa9\xf0\x9f\x87\xac
444,\xf0\x9f\x92\x86\xf0\x9f\x8f\xbd
445,\xf0\x9f\x91\xbc\xf0\x9f\x8f\xbc
446,\xf0\x9f\x91\x83\xf0\x9f\x8f\xbb
447,\xf0\x9f\x87\xa8\xf0\x9f\x87\xbd
448,\xf0\x9f\xa7\x9c\xf0\x9f\x8f\xbe
449,\xf0\x9f\x87\xba\xf0\x9f\x87\xb3
450,\xf0\x9f\x87\xbb\xf0\x9f\x87\xba
451,\xf0\x9f\x87\xb9\xf0\x9f\x87\xab
452,\xf0\x9f\x91\x8c\xf0\x9f\x8f\xbc
453,\xf0\x9f\xa4\x9f\xf0\x9f\x8f\xbd
454,\xf0\x9f\xa7\x91\xf0\x9f\x8f\xbb
455,\xf0\x9f\x99\x8e\xf0\x9f\x8f\xbd
456,\xf0\x9f\x87\xa6\xf0\x9f\x87\xbc
457,\xf0\x9f\x87\xb8\xf0\x9f\x87\xb9
458,\xf0\x9f\x91\xb8\xf0\x9f\x8f\xbf
459,\xf0\x9f\xa4\xb8\xf0\x9f\x8f\xbf
460,\xf0\x9f\x87\xa8\xf0\x9f\x87\xa8
461,\xf0\x9f\x91\x8b\xf0\x9f\x8f\xbb
462,\xf0\x9f\xa4\xb6\xf0\x9f\x8f\xbf
463,\xf0\x9f\x91\xa9\xf0\x9f\x8f\xbf
464,\xf0\x9f\x91\xb2\xf0\x9f\x8f\xbb
465,\xf0\x9f\x92\x87\xf0\x9f\x8f\xbb
466,\xf0\x9f\xab\xb2\xf0\x9f\x8f\xbb
467,\xf0\x9f\x9a\xa3\xf0\x9f\x8f\xbf
468,\xf0\x9f\xa4\xb3\xf0\x9f\x8f\xbc
469,\xf0\x9f\x87\xb9\xf0\x9f\x87\xb9
470,\xf0\x9f\x99\x8c\xf0\x9f\x8f\xbe
471,\xf0\x9f\x9a\xb6\xf0\x9f\x8f\xbc
472,\xf0\x9f\xa4\xbe\xf0\x9f\x8f\xbd
473,\xf0\x9f\x87\xa8\xf0\x9f\x87\xa9
474,\xf0\x9f\x8f\x82\xf0\x9f\x8f\xbf
475,\xf0\x9f\x95\xb4\xf0\x9f\x8f\xbb
476,\xf0\x9f\xa6\xbb\xf0\x9f\x8f\xbb
477,\xf0\x9f\xa4\x98\xf0\x9f\x8f\xbf
478,\xf0\x9f\x87\xb3\xf0\x9f\x87\xba
479,\xf0\x9f\x99\x8d\xf0\x9f\x8f\xbc
480,\xf0\x9f\x96\x96\xf0\x9f\x8f\xbb
481,\xf0\x9f\xa4\xb1\xf0\x9f\x8f\xbe
482,\xf0\x9f\x91\xb3\xf0\x9f\x8f\xbb
483,\xf0\x9f\xa7\x9a\xf0\x9f\x8f\xbd
484,\xf0\x9f\x9b\x8c\xf0\x9f\x8f\xbd
485,\xf0\x9f\x91\xa7\xf0\x9f\x8f\xbb
486,\xf0\x9f\xa6\xb9\xf0\x9f\x8f\xbd
487,\xf0\x9f\x8f\x8a\xf0\x9f\x8f\xbb
488,\xf0\x9f\x87\xbb\xf0\x9f\x87\xae
489,\xf0\x9f\xa6\xb6\xf0\x9f\x8f\xbd
490,\xf0\x9f\x87\xad\xf0\x9f\x87\xb2
491,\xf0\x9f\xa4\xa6\xf0\x9f\x8f\xbc
492,\xf0\x9f\x87\xa6\xf0\x9f\x87\xa9
493,\xf0\x9f\x87\xbb\xf0\x9f\x87\xa8
494,\xf0\x9f\x92\x91\xf0\x9f\x8f\xbf
495,\xf0\x9f\x91\xae\xf0\x9f\x8f\xbd
496,\xf0\x9f\x99\x8d\xf0\x9f\x8f\xbd
497,\xf0\x9f\x87\xa7\xf0\x9f\x87\xb9
498,\xf0\x9f\x87\xa7\xf0\x9f\x87\xbb
499,\xf0\x9f\xab\xb8\xf0\x9f\x8f\xbd
500,\xf0\x9f\xa7\x95\xf0\x9f\x8f\xbd
501,\xf0\x9f\x99\x8d\xf0\x9f\x8f\xbe
502,\xf0\x9f\x91\xab\xf0\x9f\x8f\xbe
503,\xf0\x9f\x91\x8f\xf0\x9f\x8f\xbf
504,\xf0\x9f\x91\xb2\xf0\x9f\x8f\xbc
505,\xf0\x9f\xab\xb2\xf0\x9f\x8f\xbc
506,\xf0\x9f\x8f\x8b\xf0\x9f\x8f\xbe
507,\xf0\x9f\x8f\x84\xf0\x9f\x8f\xbd
508,\xf0\x9f\x95\xba\xf0\x9f\x8f\xbd
509,\xf0\x9f\x91\x82\xf0\x9f\x8f\xbe
510,\xf0\x9f\x95\xb5\xf0\x9f\x8f\xbf
511,\xf0\x9f\x92\x82\xf0\x9f\x8f\xbb
512,\xf0\x9f\x8e\x85\xf0\x9f\x8f\xbd
513,\xf0\x9f\x87\xb2\xf0\x9f\x87\xbc
514,\xf0\x9f\x87\xaf\xf0\x9f\x87\xb2
515,\xf0\x9f\x87\xb7\xf0\x9f\x87\xb8
516,\xf0\x9f\x92\x82\xf0\x9f\x8f\xbd
517,\xf0\x9f\xa4\x9f\xf0\x9f\x8f\xbf
518,\xf0\x9f\x87\xac\xf0\x9f\x87\xb3
519,\xf0\x9f\xa4\x9e\xf0\x9f\x8f\xbd
520,\xf0\x9f\x91\xa9\xf0\x9f\x8f\xbb
521,\xf0\x9f\x87\xb9\xf0\x9f\x87\xaf
522,\xf0\x9f\x91\xa8\xf0\x9f\x8f\xbd
523,\xf0\x9f\xa7\x93\xf0\x9f\x8f\xbd
524,\xf0\x9f\x8f\x82\xf0\x9f\x8f\xbb
525,\xf0\x9f\x91\xae\xf0\x9f\x8f\xbb
526,\xf0\x9f\x92\x86\xf0\x9f\x8f\xbf
527,\xf0\x9f\x9b\x8c\xf0\x9f\x8f\xbc
528,\xf0\x9f\x87\xb1\xf0\x9f\x87\xb0
529,\xf0\x9f\x87\xb5\xf0\x9f\x87\xb9
530,\xf0\x9f\x91\xb2\xf0\x9f\x8f\xbe
531,\xf0\x9f\x92\x91\xf0\x9f\x8f\xbb
532,\xf0\x9f\xa7\x9a\xf0\x9f\x8f\xbb
533,\xf0\x9f\x91\xb0\xf0\x9f\x8f\xbe
534,\xf0\x9f\x87\xa6\xf0\x9f\x87\xba
535,\xf0\x9f\x91\xac\xf0\x9f\x8f\xbc
536,\xf0\x9f\x91\xa8\xf0\x9f\x8f\xbb
537,\xf0\x9f\xa4\xb5\xf0\x9f\x8f\xbb
538,\xf0\x9f\x92\x82\xf0\x9f\x8f\xbf
539,\xf0\x9f\x92\x83\xf0\x9f\x8f\xbb
540,\xf0\x9f\x91\xa7\xf0\x9f\x8f\xbe
541,\xf0\x9f\xa6\xb8\xf0\x9f\x8f\xbf
542,\xf0\x9f\x87\xa7\xf0\x9f\x87\xbc
543,\xf0\x9f\x87\xbf\xf0\x9f\x87\xbc
544,\xf0\x9f\xa7\x8f\xf0\x9f\x8f\xbd
545,\xf0\x9f\x87\xb3\xf0\x9f\x87\xb4
546,\xf0\x9f\x95\xba\xf0\x9f\x8f\xbc
547,\xf0\x9f\x87\xb7\xf0\x9f\x87\xb4
548,\xf0\x9f\xa7\x93\xf0\x9f\x8f\xbf
549,\xf0\x9f\xa4\x8c\xf0\x9f\x8f\xbc
550,\xf0\x9f\x87\xb2\xf0\x9f\x87\xb0
551,\xf0\x9f\x91\xbc\xf0\x9f\x8f\xbb
552,\xf0\x9f\x91\xab\xf0\x9f\x8f\xbc
553,\xf0\x9f\xa6\xb9\xf0\x9f\x8f\xbb
554,\xf0\x9f\x9a\xb4\xf0\x9f\x8f\xbe
555,\xf0\x9f\x92\x87\xf0\x9f\x8f\xbd
556,\xf0\x9f\xa7\x8f\xf0\x9f\x8f\xbf
557,\xf0\x9f\xab\xb5\xf0\x9f\x8f\xbe
558,\xf0\x9f\x87\xab\xf0\x9f\x87\xb2
559,\xf0\x9f\x91\x8c\xf0\x9f\x8f\xbf
560,\xf0\x9f\x87\xa8\xf0\x9f\x87\xac
561,\xf0\x9f\xa7\x92\xf0\x9f\x8f\xbd
562,\xf0\x9f\x87\xb8\xf0\x9f\x87\xac
563,\xf0\x9f\xa4\xb3\xf0\x9f\x8f\xbf
564,\xf0\x9f\x91\xb3\xf0\x9f\x8f\xbe
565,\xf0\x9f\x87\xb9\xf0\x9f\x87\xbb
566,\xf0\x9f\x87\xae\xf0\x9f\x87\xa9
567,\xf0\x9f\xa4\x9a\xf0\x9f\x8f\xbc
568,\xf0\x9f\x91\xa7\xf0\x9f\x8f\xbf
569,\xf0\x9f\xa7\x96\xf0\x9f\x8f\xbf
570,\xf0\x9f\xa7\x99\xf0\x9f\x8f\xbb
571,\xf0\x9f\xab\xb5\xf0\x9f\x8f\xbf
572,\xf0\x9f\xa4\xb7\xf0\x9f\x8f\xbe
573,\xf0\x9f\x92\x85\xf0\x9f\x8f\xbe
574,\xf0\x9f\xa4\x8f\xf0\x9f\x8f\xbc
575,\xf0\x9f\xa7\x91\xf0\x9f\x8f\xbe
576,\xf0\x9f\x87\xb3\xf0\x9f\x87\xa8
577,\xf0\x9f\xa4\xbe\xf0\x9f\x8f\xbc
578,\xf0\x9f\x87\xb7\xf0\x9f\x87\xaa
579,\xf0\x9f\x87\xb0\xf0\x9f\x87\xae
580,\xf0\x9f\x87\xb5\xf0\x9f\x87\xad
581,\xf0\x9f\xa7\x96\xf0\x9f\x8f\xbd
582,\xf0\x9f\x91\xb4\xf0\x9f\x8f\xbe
583,\xf0\x9f\x87\xb2\xf0\x9f\x87\xb4
584,\xf0\x9f\x92\x85\xf0\x9f\x8f\xbd
585,\xf0\x9f\x87\xb8\xf0\x9f\x87\xbb
586,\xf0\x9f\xa4\x8c\xf0\x9f\x8f\xbf
587,\xf0\x9f\x87\xba\xf0\x9f\x87\xa6
588,\xf0\x9f\xa4\xb5\xf0\x9f\x8f\xbc
589,\xf0\x9f\x87\xae\xf0\x9f\x87\xb9
590,\xf0\x9f\x96\x95\xf0\x9f\x8f\xbf
591,\xf0\x9f\x87\xa7\xf0\x9f\x87\xb4
592,\xf0\x9f\x87\xae\xf0\x9f\x87\xb4
593,\xf0\x9f\x99\x87\xf0\x9f\x8f\xbf
594,\xf0\x9f\xa4\x9b\xf0\x9f\x8f\xbf
595,\xf0\x9f\x99\x8d\xf0\x9f\x8f\xbb
596,\xf0\x9f\x87\xb0\xf0\x9f\x87\xbc
597,\xf0\x9f\x9b\x8c\xf0\x9f\x8f\xbb
598,\xf0\x9f\x87\xb8\xf0\x9f\x87\xad
599,\xf0\x9f\xa7\x94\xf0\x9f\x8f\xbf
600,\xf0\x9f\xa7\x8d\xf0\x9f\x8f\xbe
601,\xf0\x9f\x87\xb3\xf0\x9f\x87\xab
602,\xf0\x9f\xab\xb6\xf0\x9f\x8f\xbb
603,\xf0\x9f\xab\x85\xf0\x9f\x8f\xbd
604,\xf0\x9f\x91\x89\xf0\x9f\x8f\xbe
605,\xf0\x9f\x87\xb3\xf0\x9f\x87\xa6
606,\xf0\x9f\x87\xa6\xf0\x9f\x87\xb6
607,\xf0\x9f\xab\xb6\xf0\x9f\x8f\xbc
608,\xf0\x9f\xa4\x99\xf0\x9f\x8f\xbb
609,\xf0\x9f\x91\x86\xf0\x9f\x8f\xbb
610,\xf0\x9f\x87\xb0\xf0\x9f\x87\xbf
611,\xf0\x9f\x95\xba\xf0\x9f\x8f\xbf
612,\xf0\x9f\x92\x86\xf0\x9f\x8f\xbe
613,\xf0\x9f\x91\x89\xf0\x9f\x8f\xbf
614,\xf0\x9f\x91\xad\xf0\x9f\x8f\xbf
615,\xf0\x9f\x87\xb8\xf0\x9f\x87\xb1
616,\xf0\x9f\x9a\xb6\xf0\x9f\x8f\xbe
617,\xf0\x9f\x96\x96\xf0\x9f\x8f\xbf
618,\xf0\x9f\xa4\xb3\xf0\x9f\x8f\xbe
619,\xf0\x9f\xa7\x8f\xf0\x9f\x8f\xbc
620,\xf0\x9f\x8f\x84\xf0\x9f\x8f\xbc
621,\xf0\x9f\x91\xad\xf0\x9f\x8f\xbb
622,\xf0\x9f\x91\xb6\xf0\x9f\x8f\xbb
623,\xf0\x9f\x8f\x8c\xf0\x9f\x8f\xbb
624,\xf0\x9f\x99\x87\xf0\x9f\x8f\xbc
625,\xf0\x9f\xa4\x9c\xf0\x9f\x8f\xbf
626,\xf0\x9f\x92\x86\xf0\x9f\x8f\xbb
627,\xf0\x9f\xab\xb6\xf0\x9f\x8f\xbf
628,\xf0\x9f\x87\xac\xf0\x9f\x87\xa9
629,\xf0\x9f\x87\xb5\xf0\x9f\x87\xb1
630,\xf0\x9f\xa4\xb2\xf0\x9f\x8f\xbd
631,\xf0\x9f\x8f\x8c\xf0\x9f\x8f\xbc
632,\xf0\x9f\x91\xac\xf0\x9f\x8f\xbf
633,\xf0\x9f\xa4\xb7\xf0\x9f\x8f\xbd
634,\xf0\x9f\x99\x8b\xf0\x9f\x8f\xbf
635,\xf0\x9f\x96\x95\xf0\x9f\x8f\xbd
636,\xf0\x9f\xa7\x92\xf0\x9f\x8f\xbc
637,\xf0\x9f\x87\xa7\xf0\x9f\x87\xb3
638,\xf0\x9f\x91\xb8\xf0\x9f\x8f\xbb
639,\xf0\x9f\x87\xb1\xf0\x9f\x87\xb9
640,\xf0\x9f\x87\xac\xf0\x9f\x87\xba
641,\xf0\x9f\x87\xa8\xf0\x9f\x87\xb1
642,\xf0\x9f\x87\xb0\xf0\x9f\x87\xb2
643,\xf0\x9f\x91\x86\xf0\x9f\x8f\xbe
644,\xf0\x9f\x87\xb2\xf0\x9f\x87\xab
645,\xf0\x9f\x87\xb8\xf0\x9f\x87\xbf
646,\xf0\x9f\x87\xac\xf0\x9f\x87\xb5
647,\xf0\x9f\xab\xb1\xf0\x9f\x8f\xbc
648,\xf0\x9f\xa4\xb0\xf0\x9f\x8f\xbe
649,\xf0\x9f\x92\x91\xf0\x9f\x8f\xbc
650,\xf0\x9f\x96\x95\xf0\x9f\x8f\xbc
651,\xf0\x9f\x91\xa6\xf0\x9f\x8f\xbd
652,\xf0\x9f\x92\x82\xf0\x9f\x8f\xbe
653,\xf0\x9f\x91\xac\xf0\x9f\x8f\xbd
654,\xf0\x9f\x87\xa7\xf0\x9f\x87\xac
655,\xf0\x9f\x87\xaa\xf0\x9f\x87\xa6
656,\xf0\x9f\x99\x85\xf0\x9f\x8f\xbc
657,\xf0\x9f\xa6\xb5\xf0\x9f\x8f\xbf
658,\xf0\x9f\xa6\xb8\xf0\x9f\x8f\xbb
659,\xf0\x9f\xa7\x95\xf0\x9f\x8f\xbb
660,\xf0\x9f\x87\xb9\xf0\x9f\x87\xad
661,\xf0\x9f\x92\xaa\xf0\x9f\x8f\xbf
662,\xf0\x9f\x87\xb9\xf0\x9f\x87\xb7
663,\xf0\x9f\xab\xb7\xf0\x9f\x8f\xbc
664,\xf0\x9f\x9b\x80\xf0\x9f\x8f\xbf
665,\xf0\x9f\x91\xab\xf0\x9f\x8f\xbf
666,\xf0\x9f\x9a\xb5\xf0\x9f\x8f\xbd
667,\xf0\x9f\xa4\xb7\xf0\x9f\x8f\xbb
668,\xf0\x9f\xa7\x9d\xf0\x9f\x8f\xbd
669,\xf0\x9f\x8f\x8c\xf0\x9f\x8f\xbd
670,\xf0\x9f\xa6\xb5\xf0\x9f\x8f\xbb
671,\xf0\x9f\x8e\x85\xf0\x9f\x8f\xbf
672,\xf0\x9f\x91\xb4\xf0\x9f\x8f\xbf
673,\xf0\x9f\xa4\x98\xf0\x9f\x8f\xbd
674,\xf0\x9f\xa4\xbe\xf0\x9f\x8f\xbb
675,\xf0\x9f\x9a\xa3\xf0\x9f\x8f\xbb
676,\xf0\x9f\xa4\xa6\xf0\x9f\x8f\xbf
677,\xf0\x9f\x95\xb5\xf0\x9f\x8f\xbc
678,\xf0\x9f\x91\xb1\xf0\x9f\x8f\xbc
679,\xf0\x9f\x91\x88\xf0\x9f\x8f\xbc
680,\xf0\x9f\x9b\x80\xf0\x9f\x8f\xbc
681,\xf0\x9f\x8f\x87\xf0\x9f\x8f\xbc
682,\xf0\x9f\x8f\x8a\xf0\x9f\x8f\xbe
683,\xf0\x9f\x87\xab\xf0\x9f\x87\xb7
684,\xf0\x9f\xab\x83\xf0\x9f\x8f\xbc
685,\xf0\x9f\x87\xb2\xf0\x9f\x87\xbe
686,\xf0\x9f\x91\x8d\xf0\x9f\x8f\xbf
687,\xf0\x9f\x87\xa6\xf0\x9f\x87\xb1
688,\xf0\x9f\xa4\x8c\xf0\x9f\x8f\xbe
689,\xf0\x9f\xa7\x94\xf0\x9f\x8f\xbe
690,\xf0\x9f\x87\xb0\xf0\x9f\x87\xb5
691,\xf0\x9f\x95\xb5\xf0\x9f\x8f\xbe
692,\xf0\x9f\xa4\x9d\xf0\x9f\x8f\xbd
693,\xf0\x9f\xa6\xb5\xf0\x9f\x8f\xbe
694,\xf0\x9f\x87\xbb\xf0\x9f\x87\xa6
695,\xf0\x9f\xa4\xa6\xf0\x9f\x8f\xbe
696,\xf0\x9f\xab\x84\xf0\x9f\x8f\xbf
697,\xf0\x9f\x91\xb7\xf0\x9f\x8f\xbb
698,\xf0\x9f\x99\x85\xf0\x9f\x8f\xbd
699,\xf0\x9f\x87\xb5\xf0\x9f\x87\xb0
700,\xf0\x9f\xa4\xb9\xf0\x9f\x8f\xbd
701,\xf0\x9f\xab\xb0\xf0\x9f\x8f\xbc
702,\xf0\x9f\x91\x8f\xf0\x9f\x8f\xbc
703,\xf0\x9f\x87\xaa\xf0\x9f\x87\xba
704,\xf0\x9f\xa4\x98\xf0\x9f\x8f\xbc
705,\xf0\x9f\x87\xb5\xf0\x9f\x87\xac
706,\xf0\x9f\xa6\xbb\xf0\x9f\x8f\xbc
707,\xf0\x9f\xa6\xb9\xf0\x9f\x8f\xbf
708,\xf0\x9f\xa4\x99\xf0\x9f\x8f\xbe
709,\xf0\x9f\x91\x83\xf0\x9f\x8f\xbf
710,\xf0\x9f\x9a\xb5\xf0\x9f\x8f\xbc
711,\xf0\x9f\xa6\xb8\xf0\x9f\x8f\xbd
712,\xf0\x9f\xa4\x8f\xf0\x9f\x8f\xbd
713,\xf0\x9f\x8f\x8a\xf0\x9f\x8f\xbd
714,\xf0\x9f\x99\x85\xf0\x9f\x8f\xbe
715,\xf0\x9f\x87\xb1\xf0\x9f\x87\xbb
716,\xf0\x9f\xa4\x9a\xf0\x9f\x8f\xbf
717,\xf0\x9f\x87\xb2\xf0\x9f\x87\xa9
718,\xf0\x9f\x87\xa8\xf0\x9f\x87\xb2
719,\xf0\x9f\xa4\x9b\xf0\x9f\x8f\xbb
720,\xf0\x9f\x9a\xa3\xf0\x9f\x8f\xbd
721,\xf0\x9f\xab\x85\xf0\x9f\x8f\xbc
722,\xf0\x9f\xa4\xb6\xf0\x9f\x8f\xbe
723,\xf0\x9f\xa6\xbb\xf0\x9f\x8f\xbd
724,\xf0\x9f\x87\xb5\xf0\x9f\x87\xaa
725,\xf0\x9f\xa7\x93\xf0\x9f\x8f\xbe
726,\xf0\x9f\x96\x90\xf0\x9f\x8f\xbb
727,\xf0\x9f\xa7\x8e\xf0\x9f\x8f\xbb
728,\xf0\x9f\x92\x81\xf0\x9f\x8f\xbd
729,\xf0\x9f\xa4\xb2\xf0\x9f\x8f\xbe
730,\xf0\x9f\xa4\x99\xf0\x9f\x8f\xbc
731,\xf0\x9f\x87\xb3\xf0\x9f\x87\xb1
732,\xf0\x9f\x87\xac\xf0\x9f\x87\xbe
733,\xf0\x9f\xa7\x9a\xf0\x9f\x8f\xbc
734,\xf0\x9f\x91\x87\xf0\x9f\x8f\xbd
735,\xf0\x9f\xa7\x9a\xf0\x9f\x8f\xbe
736,\xf0\x9f\x87\xac\xf0\x9f\x87\xae
737,\xf0\x9f\x95\xb5\xf0\x9f\x8f\xbd
738,\xf0\x9f\x91\xb0\xf0\x9f\x8f\xbb
739,\xf0\x9f\x91\xb1\xf0\x9f\x8f\xbb
740,\xf0\x9f\x87\xb8\xf0\x9f\x87\xa6
741,\xf0\x9f\x91\x86\xf0\x9f\x8f\xbd
742,\xf0\x9f\x96\x90\xf0\x9f\x8f\xbe
743,\xf0\x9f\x92\x8f\xf0\x9f\x8f\xbe
744,\xf0\x9f\x91\xbc\xf0\x9f\x8f\xbf
745,\xf0\x9f\xab\xb8\xf0\x9f\x8f\xbb
746,\xf0\x9f\x87\xb5\xf0\x9f\x87\xb3
747,\xf0\x9f\x87\xb1\xf0\x9f\x87\xba
748,\xf0\x9f\xa4\xb6\xf0\x9f\x8f\xbc
749,\xf0\x9f\x91\xa8\xf0\x9f\x8f\xbe
750,\xf0\x9f\xa6\xb6\xf0\x9f\x8f\xbe
751,\xf0\x9f\x87\xa7\xf0\x9f\x87\xa6
752,\xf0\x9f\x87\xac\xf0\x9f\x87\xb6
753,\xf0\x9f\x87\xa6\xf0\x9f\x87\xb8
754,\xf0\x9f\x87\xad\xf0\x9f\x87\xba
755,\xf0\x9f\x87\xb2\xf0\x9f\x87\xac
756,\xf0\x9f\x87\xb2\xf0\x9f\x87\xa6
757,\xf0\x9f\x87\xa9\xf0\x9f\x87\xb4
758,\xf0\x9f\x91\x83\xf0\x9f\x8f\xbd
759,\xf0\x9f\xa6\xb9\xf0\x9f\x8f\xbe
760,\xf0\x9f\x87\xb0\xf0\x9f\x87\xac
761,\xf0\x9f\x99\x8b\xf0\x9f\x8f\xbb
762,\xf0\x9f\xa7\x98\xf0\x9f\x8f\xbe
763,\xf0\x9f\x87\xb8\xf0\x9f\x87\xaf
764,\xf0\x9f\x87\xb8\xf0\x9f\x87\xb2
765,\xf0\x9f\xa4\x99\xf0\x9f\x8f\xbf
766,\xf0\x9f\x8f\x8b\xf0\x9f\x8f\xbc
767,\xf0\x9f\xab\xb3\xf0\x9f\x8f\xbd
768,\xf0\x9f\x87\xb8\xf0\x9f\x87\xa8
769,\xf0\x9f\xa4\xbe\xf0\x9f\x8f\xbe
770,\xf0\x9f\xab\xb4\xf0\x9f\x8f\xbe
771,\xf0\x9f\x87\xb9\xf0\x9f\x87\xa9
772,\xf0\x9f\x87\xb2\xf0\x9f\x87\xa8
773,\xf0\x9f\x8f\x84\xf0\x9f\x8f\xbe
774,\xf0\x9f\xab\x85\xf0\x9f\x8f\xbf
775,\xf0\x9f\x87\xa6\xf0\x9f\x87\xae
776,\xf0\x9f\x99\x85\xf0\x9f\x8f\xbb
777,\xf0\x9f\xa7\x9d\xf0\x9f\x8f\xbc
778,\xf0\x9f\x91\xa6\xf0\x9f\x8f\xbe
779,\xf0\x9f\x99\x8f\xf0\x9f\x8f\xbf
780,\xf0\x9f\xa7\x9c\xf0\x9f\x8f\xbf
781,\xf0\x9f\xa7\x9a\xf0\x9f\x8f\xbf
782,\xf0\x9f\x87\xb4\xf0\x9f\x87\xb2
783,\xf0\x9f\xab\xb2\xf0\x9f\x8f\xbe
784,\xf0\x9f\xab\xb6\xf0\x9f\x8f\xbe
785,\xf0\x9f\xa7\x91\xf0\x9f\x8f\xbf
786,\xf0\x9f\xa4\xb3\xf0\x9f\x8f\xbd
787,\xf0\x9f\x87\xb2\xf0\x9f\x87\xb2
788,\xf0\x9f\x91\xbc\xf0\x9f\x8f\xbd
789,\xf0\x9f\x99\x86\xf0\x9f\x8f\xbf
790,\xf0\x9f\xab\xb2\xf0\x9f\x8f\xbd
791,\xf0\x9f\x87\xa8\xf0\x9f\x87\xae
792,\xf0\x9f\xab\xb3\xf0\x9f\x8f\xbf
793,\xf0\x9f\x87\xa6\xf0\x9f\x87\xb9
794,\xf0\x9f\x87\xb2\xf0\x9f\x87\xb5
795,\xf0\x9f\x87\xac\xf0\x9f\x87\xb8
796,\xf0\x9f\xa7\x98\xf0\x9f\x8f\xbc
797,\xf0\x9f\xab\xb4\xf0\x9f\x8f\xbf
798,\xf0\x9f\x87\xb8\xf0\x9f\x87\xaa
799,\xf0\x9f\x91\xae\xf0\x9f\x8f\xbe
800,\xf0\x9f\x87\xa7\xf0\x9f\x87\xb7
801,\xf0\x9f\x91\x8b\xf0\x9f\x8f\xbe
802,\xf0\x9f\x99\x8f\xf0\x9f\x8f\xbc
803,\xf0\x9f\x87\xb9\xf0\x9f\x87\xb2
804,\xf0\x9f\xa5\xb7\xf0\x9f\x8f\xbb
805,\xf0\x9f\x91\xa8\xf0\x9f\x8f\xbf
806,\xf0\x9f\xa4\x9a\xf0\x9f\x8f\xbe
807,\xf0\x9f\xa4\x9a\xf0\x9f\x8f\xbd
808,\xf0\x9f\x91\x90\xf0\x9f\x8f\xbc
809,\xf0\x9f\x91\xa9\xf0\x9f\x8f\xbc
810,\xf0\x9f\xa4\x9c\xf0\x9f\x8f\xbb
811,\xf0\x9f\x87\xb9\xf0\x9f\x87\xb3
812,\xf0\x9f\xa7\x95\xf0\x9f\x8f\xbc
813,\xf0\x9f\xa7\x8f\xf0\x9f\x8f\xbb
814,\xf0\x9f\x91\x8e\xf0\x9f\x8f\xbe
815,\xf0\x9f\xa4\x8c\xf0\x9f\x8f\xbb
816,\xf0\x9f\x91\x86\xf0\x9f\x8f\xbc
817,\xf0\x9f\xa7\x97\xf0\x9f\x8f\xbe
818,\xf0\x9f\x87\xaf\xf0\x9f\x87\xaa
819,\xf0\x9f\x8f\x8a\xf0\x9f\x8f\xbf
820,\xf0\x9f\x9b\x80\xf0\x9f\x8f\xbb
821,\xf0\x9f\xab\xb3\xf0\x9f\x8f\xbe
822,\xf0\x9f\x87\xa9\xf0\x9f\x87\xbf
823,\xf0\x9f\xab\xb7\xf0\x9f\x8f\xbb
824,\xf0\x9f\x87\xac\xf0\x9f\x87\xb2
825,\xf0\x9f\xab\xb7\xf0\x9f\x8f\xbf
826,\xf0\x9f\xab\xb5\xf0\x9f\x8f\xbb
827,\xf0\x9f\xab\xb7\xf0\x9f\x8f\xbd
828,\xf0\x9f\xa4\xb5\xf0\x9f\x8f\xbd
829,\xf0\x9f\xa4\xbd\xf0\x9f\x8f\xbb
830,\xf0\x9f\x87\xa7\xf0\x9f\x87\xa7
831,\xf0\x9f\xa4\xb1\xf0\x9f\x8f\xbc
832,\xf0\x9f\x87\xb2\xf0\x9f\x87\xb1
833,\xf0\x9f\xa4\xb2\xf0\x9f\x8f\xbb
834,\xf0\x9f\xa5\xb7\xf0\x9f\x8f\xbf
835,\xf0\x9f\xab\xb7\xf0\x9f\x8f\xbe
836,\xf0\x9f\x87\xbb\xf0\x9f\x87\xb3
837,\xf0\x9f\x99\x86\xf0\x9f\x8f\xbb
838,\xf0\x9f\xa7\x92\xf0\x9f\x8f\xbb
839,\xf0\x9f\xa4\xb5\xf0\x9f\x8f\xbf
840,\xf0\x9f\x87\xa8\xf0\x9f\x87\xb3
841,\xf0\x9f\xa4\x98\xf0\x9f\x8f\xbe
842,\xf0\x9f\x9b\x80\xf0\x9f\x8f\xbd
843,\xf0\x9f\xa4\xb8\xf0\x9f\x8f\xbb
844,\xf0\x9f\x91\xb1\xf0\x9f\x8f\xbd
845,\xf0\x9f\x91\x82\xf0\x9f\x8f\xbd
846,\xf0\x9f\x8f\x87\xf0\x9f\x8f\xbd
847,\xf0\x9f\x87\xb5\xf0\x9f\x87\xab
848,\xf0\x9f\x91\x88\xf0\x9f\x8f\xbe
849,\xf0\x9f\x91\x8d\xf0\x9f\x8f\xbb
850,\xf0\x9f\x87\xb5\xf0\x9f\x87\xb8
851,\xf0\x9f\x91\x86\xf0\x9f\x8f\xbf
852,\xf0\x9f\x87\xaa\xf0\x9f\x87\xac
853,\xf0\x9f\x91\x8c\xf0\x9f\x8f\xbb
854,\xf0\x9f\xa7\x99\xf0\x9f\x8f\xbe
855,\xf0\x9f\x99\x8f\xf0\x9f\x8f\xbb
856,\xf0\x9f\x87\xa8\xf0\x9f\x87\xad
857,\xf0\x9f\x87\xae\xf0\x9f\x87\xb1
858,\xf0\x9f\x87\xba\xf0\x9f\x87\xac
859,\xf0\x9f\x8f\x87\xf0\x9f\x8f\xbf
860,\xf0\x9f\x92\x87\xf0\x9f\x8f\xbe
861,\xf0\x9f\x87\xba\xf0\x9f\x87\xbf
862,\xf0\x9f\x87\xb1\xf0\x9f\x87\xbe
863,\xf0\x9f\x91\x90\xf0\x9f\x8f\xbd
864,\xf0\x9f\xab\xb8\xf0\x9f\x8f\xbe
865,\xf0\x9f\xa4\x9b\xf0\x9f\x8f\xbc
866,\xf0\x9f\x87\xb2\xf0\x9f\x87\xbd
867,\xf0\x9f\x87\xaa\xf0\x9f\x87\xb7
868,\xf0\x9f\x92\x85\xf0\x9f\x8f\xbc
869,\xf0\x9f\x99\x85\xf0\x9f\x8f\xbf
870,\xf0\x9f\xa6\xb6\xf0\x9f\x8f\xbb
871,\xf0\x9f\xab\x84\xf0\x9f\x8f\xbc
872,\xf0\x9f\xa7\x8e\xf0\x9f\x8f\xbd
873,\xf0\x9f\x92\x8f\xf0\x9f\x8f\xbb
874,\xf0\x9f\xa4\xbe\xf0\x9f\x8f\xbf
875,\xf0\x9f\x91\xb3\xf0\x9f\x8f\xbd
876,\xf0\x9f\xa7\x8d\xf0\x9f\x8f\xbb
877,\xf0\x9f\x87\xb5\xf0\x9f\x87\xbe
878,\xf0\x9f\xa4\x9f\xf0\x9f\x8f\xbe
879,\xf0\x9f\x95\xb4\xf0\x9f\x8f\xbd
880,\xf0\x9f\x91\xa6\xf0\x9f\x8f\xbb
881,\xf0\x9f\x8f\x83\xf0\x9f\x8f\xbf
882,\xf0\x9f\x87\xb2\xf0\x9f\x87\xb6
883,\xf0\x9f\xa4\x9b\xf0\x9f\x8f\xbd
884,\xf0\x9f\x9a\xa3\xf0\x9f\x8f\xbe
885,\xf0\x9f\x87\xac\xf0\x9f\x87\xb7
886,\xf0\x9f\x97\x9e\xef\xb8\x8f
887,\xf0\x9f\x8c\xab\xef\xb8\x8f
888,\xe2\x9b\xb9\xf0\x9f\x8f\xbf
889,\xe2\x9c\x8b\xf0\x9f\x8f\xbf
890,\xf0\x9f\x9b\xb0\xef\xb8\x8f
891,\xf0\x9f\x9b\x8d\xef\xb8\x8f
892,\xf0\x9f\x9b\xa4\xef\xb8\x8f
893,\xf0\x9f\x8e\x97\xef\xb8\x8f
894,\xf0\x9f\x8f\x8b\xef\xb8\x8f
895,\x32\xef\xb8\x8f\xe2\x83\xa3
896,\xf0\x9f\x8f\xb3\xef\xb8\x8f
897,\xf0\x9f\x8f\x8e\xef\xb8\x8f
898,\xf0\x9f\x9b\xa5\xef\xb8\x8f
899,\xf0\x9f\x8f\x97\xef\xb8\x8f
900,\xf0\x9f\x9b\xa0\xef\xb8\x8f
901,\xf0\x9f\x97\x82\xef\xb8\x8f
902,\xe2\x98\x9d\xf0\x9f\x8f\xbd
903,\xf0\x9f\x85\xb1\xef\xb8\x8f
904,\xf0\x9f\x95\xb0\xef\xb8\x8f
905,\xf0\x9f\x95\xb4\xef\xb8\x8f
906,\xf0\x9f\x8c\xa1\xef\xb8\x8f
907,\xf0\x9f\x9b\xa1\xef\xb8\x8f
908,\xf0\x9f\x97\xaf\xef\xb8\x8f
909,\xe2\x9c\x8d\xf0\x9f\x8f\xbb
910,\xf0\x9f\x8c\xa9\xef\xb8\x8f
911,\xf0\x9f\x88\xb7\xef\xb8\x8f
912,\xf0\x9f\x8f\x9f\xef\xb8\x8f
913,\xf0\x9f\x85\xbe\xef\xb8\x8f
914,\xf0\x9f\x9b\x8b\xef\xb8\x8f
915,\x39\xef\xb8\x8f\xe2\x83\xa3
916,\xe2\x9c\x8a\xf0\x9f\x8f\xbf
917,\xe2\x9c\x8c\xf0\x9f\x8f\xbc
918,\x38\xef\xb8\x8f\xe2\x83\xa3
919,\xf0\x9f\x8f\x98\xef\xb8\x8f
920,\xe2\x98\x9d\xf0\x9f\x8f\xbe
921,\xf0\x9f\x96\x8d\xef\xb8\x8f
922,\xf0\x9f\x8c\xa6\xef\xb8\x8f
923,\xe2\x9c\x8d\xf0\x9f\x8f\xbe
924,\xe2\x98\x9d\xf0\x9f\x8f\xbf
925,\xf0\x9f\x8e\x99\xef\xb8\x8f
926,\x30\xef\xb8\x8f\xe2\x83\xa3
927,\xf0\x9f\x8e\x9f\xef\xb8\x8f
928,\xf0\x9f\x85\xbf\xef\xb8\x8f
929,\xf0\x9f\x95\x8a\xef\xb8\x8f
930,\xe2\x98\x9d\xf0\x9f\x8f\xbb
931,\xf0\x9f\x95\xaf\xef\xb8\x8f
932,\xe2\x9b\xb9\xf0\x9f\x8f\xbc
933,\xf0\x9f\x8c\xa8\xef\xb8\x8f
934,\xf0\x9f\x9b\x8e\xef\xb8\x8f
935,\xf0\x9f\x9b\xa9\xef\xb8\x8f
936,\xe2\x9b\xb9\xf0\x9f\x8f\xbe
937,\xf0\x9f\x8e\x9e\xef\xb8\x8f
938,\xf0\x9f\x95\xb5\xef\xb8\x8f
939,\xf0\x9f\x8e\x9b\xef\xb8\x8f
940,\xe2\x9c\x8d\xf0\x9f\x8f\xbc
941,\xf0\x9f\x97\x9d\xef\xb8\x8f
942,\xf0\x9f\x8f\x96\xef\xb8\x8f
943,\xf0\x9f\x8c\xac\xef\xb8\x8f
944,\xf0\x9f\x8c\xaa\xef\xb8\x8f
945,\xf0\x9f\x97\xa3\xef\xb8\x8f
946,\xf0\x9f\x8f\x9a\xef\xb8\x8f
947,\x33\xef\xb8\x8f\xe2\x83\xa3
948,\xf0\x9f\x8f\x8d\xef\xb8\x8f
949,\xe2\x9c\x8a\xf0\x9f\x8f\xbb
950,\xe2\x9c\x8c\xf0\x9f\x8f\xbe
951,\xf0\x9f\x8c\xa7\xef\xb8\x8f
952,\xf0\x9f\x97\x92\xef\xb8\x8f
953,\xe2\x9c\x8b\xf0\x9f\x8f\xbd
954,\xf0\x9f\x95\xb7\xef\xb8\x8f
955,\xe2\x9c\x8d\xf0\x9f\x8f\xbd
956,\xf0\x9f\x97\x91\xef\xb8\x8f
957,\xf0\x9f\x96\x8b\xef\xb8\x8f
958,\xe2\x9b\xb9\xf0\x9f\x8f\xbd
959,\x36\xef\xb8\x8f\xe2\x83\xa3
960,\xf0\x9f\x95\xb6\xef\xb8\x8f
961,\xf0\x9f\x91\x81\xef\xb8\x8f
962,\x35\xef\xb8\x8f\xe2\x83\xa3
963,\xf0\x9f\x8e\x9a\xef\xb8\x8f
964,\xf0\x9f\x8f\x8c\xef\xb8\x8f
965,\xf0\x9f\x9b\x8f\xef\xb8\x8f
966,\xe2\x9c\x8d\xf0\x9f\x8f\xbf
967,\xf0\x9f\x8f\x94\xef\xb8\x8f
968,\xf0\x9f\x8f\x9b\xef\xb8\x8f
969,\xf0\x9f\x96\xa5\xef\xb8\x8f
970,\xf0\x9f\x9b\xa3\xef\xb8\x8f
971,\xf0\x9f\x8f\x9c\xef\xb8\x8f
972,\xf0\x9f\x96\xa8\xef\xb8\x8f
973,\xe2\x9c\x8b\xf0\x9f\x8f\xbc
974,\xe2\x9c\x8a\xf0\x9f\x8f\xbe
975,\xf0\x9f\x9b\xb3\xef\xb8\x8f
976,\xf0\x9f\x8e\x96\xef\xb8\x8f
977,\xf0\x9f\x97\x93\xef\xb8\x8f
978,\xf0\x9f\x97\x9c\xef\xb8\x8f
979,\xf0\x9f\x8f\x99\xef\xb8\x8f
980,\xe2\x9b\xb9\xf0\x9f\x8f\xbb
981,\xf0\x9f\x93\xbd\xef\xb8\x8f
982,\xf0\x9f\x96\x8a\xef\xb8\x8f
983,\xf0\x9f\x97\xa8\xef\xb8\x8f
984,\xf0\x9f\x96\x87\xef\xb8\x8f
985,\xf0\x9f\x95\xb3\xef\xb8\x8f
986,\xf0\x9f\x8f\xb5\xef\xb8\x8f
987,\xf0\x9f\x96\x8c\xef\xb8\x8f
988,\xf0\x9f\x95\xb9\xef\xb8\x8f
989,\xf0\x9f\x97\x84\xef\xb8\x8f
990,\x2a\xef\xb8\x8f\xe2\x83\xa3
991,\xf0\x9f\x8f\x9e\xef\xb8\x8f
992,\xf0\x9f\x8c\xa4\xef\xb8\x8f
993,\xf0\x9f\x95\xb8\xef\xb8\x8f
994,\x31\xef\xb8\x8f\xe2\x83\xa3
995,\xf0\x9f\x8c\xb6\xef\xb8\x8f
996,\xe2\x9c\x8c\xf0\x9f\x8f\xbb
997,\xf0\x9f\x8c\xa5\xef\xb8\x8f
998,\xf0\x9f\x8f\x9d\xef\xb8\x8f
999,\xf0\x9f\x97\x83\xef\xb8\x8f
1000,\xf0\x9f\x97\xa1\xef\xb8\x8f
1001,\x23\xef\xb8\x8f\xe2\x83\xa3
1002,\x34\xef\xb8\x8f\xe2\x83\xa3
1003,\xf0\x9f\x8f\x95\xef\xb8\x8f
1004,\xe2\x9c\x8c\xf0\x9f\x8f\xbd
1005,\xe2\x9c\x8a\xf0\x9f\x8f\xbc
1006,\xf0\x9f\x95\x89\xef\xb8\x8f
1007,\xf0\x9f\x9b\xa2\xef\xb8\x8f
1008,\xe2\x9c\x8b\xf0\x9f\x8f\xbe
1009,\xf0\x9f\x96\xb2\xef\xb8\x8f
1010,\xf0\x9f\x96\xb1\xef\xb8\x8f
1011,\xf0\x9f\x97\xba\xef\xb8\x8f
1012,\xf0\x9f\x8f\xb7\xef\xb8\x8f
1013,\xf0\x9f\x88\x82\xef\xb8\x8f
1014,\xf0\x9f\x96\xbc\xef\xb8\x8f
1015,\xe2\x9c\x8a\xf0\x9f\x8f\xbd
1016,\xf0\x9f\x96\x90\xef\xb8\x8f
1017,\xe2\x9c\x8c\xf0\x9f\x8f\xbf
1018,\xf0\x9f\x90\xbf\xef\xb8\x8f
1019,\xf0\x9f\x8d\xbd\xef\xb8\x8f
1020,\xf0\x9f\x97\xb3\xef\xb8\x8f
1021,\xe2\x98\x9d\xf0\x9f\x8f\xbc
1022,\xf0\x9f\x85\xb0\xef\xb8\x8f
1023,\x37\xef\xb8\x8f\xe2\x83\xa3
1024,\xe2\x9c\x8b\xf0\x9f\x8f\xbb
1025,\xe2\x96\xaa\xef\xb8\x8f
1026,\xe2\x98\xaf\xef\xb8\x8f
1027,\xe2\x9a\xb0\xef\xb8\x8f
1028,\xe2\x9c\x8d\xef\xb8\x8f
1029,\xe2\x8f\xb1\xef\xb8\x8f
1030,\xe2\x9c\x92\xef\xb8\x8f
1031,\xe2\x81\x89\xef\xb8\x8f
1032,\xe2\x9b\x88\xef\xb8\x8f
1033,\xe3\x8a\x99\xef\xb8\x8f
1034,\xe2\x86\xa9\xef\xb8\x8f
1035,\xe2\x80\xbc\xef\xb8\x8f
1036,\xe2\x8f\x8f\xef\xb8\x8f
1037,\xe2\x9c\x9d\xef\xb8\x8f
1038,\xe2\x99\xbb\xef\xb8\x8f
1039,\xe2\x9a\x94\xef\xb8\x8f
1040,\xe2\x8f\xb9\xef\xb8\x8f
1041,\xe2\x86\x94\xef\xb8\x8f
1042,\xe2\x97\xbb\xef\xb8\x8f
1043,\xe2\x8f\xb2\xef\xb8\x8f
1044,\xe2\x98\xb8\xef\xb8\x8f
1045,\xe2\x9d\xa3\xef\xb8\x8f
1046,\xe2\x93\x82\xef\xb8\x8f
1047,\xe2\x9b\x93\xef\xb8\x8f
1048,\xe2\xac\x87\xef\xb8\x8f
1049,\xe2\x86\x99\xef\xb8\x8f
1050,\xe2\x96\xab\xef\xb8\x8f
1051,\xe2\x9a\xa7\xef\xb8\x8f
1052,\xe2\x98\x80\xef\xb8\x8f
1053,\xe2\x9a\x99\xef\xb8\x8f
1054,\xe2\x86\x96\xef\xb8\x8f
1055,\xe2\x8f\xad\xef\xb8\x8f
1056,\xe2\x9a\x97\xef\xb8\x8f
1057,\xe2\x97\xbc\xef\xb8\x8f
1058,\xe2\x98\xaa\xef\xb8\x8f
1059,\xe2\x98\x84\xef\xb8\x8f
1060,\xe2\x86\x97\xef\xb8\x8f
1061,\xe2\x9a\x95\xef\xb8\x8f
1062,\xe2\x9c\x82\xef\xb8\x8f
1063,\xe2\x98\xa6\xef\xb8\x8f
1064,\xe2\x99\x82\xef\xb8\x8f
1065,\xe2\x9a\xb1\xef\xb8\x8f
1066,\xe2\x9a\x92\xef\xb8\x8f
1067,\xe2\x8f\xb8\xef\xb8\x8f
1068,\xe2\xa4\xb5\xef\xb8\x8f
1069,\xe2\x8f\xba\xef\xb8\x8f
1070,\xe2\x9c\xb3\xef\xb8\x8f
1071,\xe2\x9c\x94\xef\xb8\x8f
1072,\xe2\x8c\xa8\xef\xb8\x8f
1073,\xe2\x98\x81\xef\xb8\x8f
1074,\xe2\x98\xb9\xef\xb8\x8f
1075,\xe3\x80\xbd\xef\xb8\x8f
1076,\xe2\x9d\x87\xef\xb8\x8f
1077,\xe2\x98\xa0\xef\xb8\x8f
1078,\xe2\x99\x9f\xef\xb8\x8f
1079,\xe2\x9b\xb9\xef\xb8\x8f
1080,\xe2\x98\xae\xef\xb8\x8f
1081,\xe2\x9a\x9c\xef\xb8\x8f
1082,\xe2\xac\x85\xef\xb8\x8f
1083,\xe2\x84\xa2\xef\xb8\x8f
1084,\xe2\x9b\xb7\xef\xb8\x8f
1085,\xe2\x9b\xb4\xef\xb8\x8f
1086,\xe2\xac\x86\xef\xb8\x8f
1087,\xe2\x9c\xb4\xef\xb8\x8f
1088,\xe2\x9d\xa4\xef\xb8\x8f
1089,\xe2\x9b\xa9\xef\xb8\x8f
1090,\xe2\x98\x83\xef\xb8\x8f
1091,\xe2\x9d\x84\xef\xb8\x8f
1092,\xe2\x9a\x9b\xef\xb8\x8f
1093,\xe2\x96\xb6\xef\xb8\x8f
1094,\xe2\x9c\x96\xef\xb8\x8f
1095,\xe2\x9a\xa0\xef\xb8\x8f
1096,\xe2\x98\xba\xef\xb8\x8f
1097,\xe2\x9b\xb1\xef\xb8\x8f
1098,\xe2\x99\xa6\xef\xb8\x8f
1099,\xe2\x98\x98\xef\xb8\x8f
1100,\xe2\x9b\xb8\xef\xb8\x8f
1101,\xe2\x86\xaa\xef\xb8\x8f
1102,\xe2\x98\x8e\xef\xb8\x8f
1103,\xe2\x8f\xaf\xef\xb8\x8f
1104,\xe3\x8a\x97\xef\xb8\x8f
1105,\xe2\x9c\x8c\xef\xb8\x8f
1106,\xe2\x9b\x8f\xef\xb8\x8f
1107,\xe2\x99\xa5\xef\xb8\x8f
1108,\xe2\x98\xa3\xef\xb8\x8f
1109,\xe2\x9b\xb0\xef\xb8\x8f
1110,\xe2\x9b\x91\xef\xb8\x8f
1111,\xe2\x98\x91\xef\xb8\x8f
1112,\xe2\x84\xb9\xef\xb8\x8f
1113,\xe2\x86\x95\xef\xb8\x8f
1114,\xe3\x80\xb0\xef\xb8\x8f
1115,\xe2\x9c\x8f\xef\xb8\x8f
1116,\xe2\x8f\xae\xef\xb8\x8f
1117,\xe2\x98\x9d\xef\xb8\x8f
1118,\xe2\x86\x98\xef\xb8\x8f
1119,\xe2\x99\xa0\xef\xb8\x8f
1120,\xe2\xa4\xb4\xef\xb8\x8f
1121,\xe2\x98\xa2\xef\xb8\x8f
1122,\xe2\x99\xbe\xef\xb8\x8f
1123,\xe2\x9a\x96\xef\xb8\x8f
1124,\xe2\x9e\xa1\xef\xb8\x8f
1125,\xe2\x9c\xa1\xef\xb8\x8f
1126,\xe2\x99\xa3\xef\xb8\x8f
1127,\xe2\x98\x82\xef\xb8\x8f
1128,\xe2\x99\x80\xef\xb8\x8f
1129,\xe2\x9c\x89\xef\xb8\x8f
1130,\xe2\x9c\x88\xef\xb8\x8f
1131,\xe2\x99\xa8\xef\xb8\x8f
1132,\xe2\x97\x80\xef\xb8\x8f
1133,\xc2\xa9\xef\xb8\x8f
1134,\xc2\xae\xef\xb8\x8f
1135,\xf0\x9f\x9a\xa0
1136,\xf0\x9f\x93\xa6
1137,\xf0\x9f\xa6\xb6
1138,\xf0\x9f\xaa\xad
1139,\xf0\x9f\xaa\xa4
1140,\xf0\x9f\xa4\x8e
1141,\xf0\x9f\x93\xa7
1142,\xf0\x9f\xaa\xb9
1143,\xf0\x9f\x92\xbd
1144,\xf0\x9f\x8f\x9c
1145,\xf0\x9f\x95\x89
1146,\xf0\x9f\xa7\xad
1147,\xf0\x9f\x99\x8f
1148,\xf0\x9f\x9f\xa2
1149,\xf0\x9f\x85\xb1
1150,\xf0\x9f\x90\xad
1151,\xf0\x9f\x89\x90
1152,\xf0\x9f\x97\x9e
1153,\xf0\x9f\x90\x81
1154,\xf0\x9f\x94\xb8
1155,\xf0\x9f\x8e\xad
1156,\xf0\x9f\x95\xa6
1157,\xf0\x9f\x90\x92
1158,\xf0\x9f\xa5\x89
1159,\xf0\x9f\x91\xab
1160,\xf0\x9f\xa5\xb4
1161,\xf0\x9f\x88\xb6
1162,\xf0\x9f\x98\x81
1163,\xf0\x9f\x9b\x83
1164,\xf0\x9f\xa4\xbe
1165,\xf0\x9f\xaa\x84
1166,\xf0\x9f\x98\xa7
1167,\xf0\x9f\xa9\xb2
1168,\xf0\x9f\x94\x86
1169,\xf0\x9f\x93\x83
1170,\xf0\x9f\xab\xa0
1171,\xf0\x9f\x91\x89
1172,\xf0\x9f\xab\x8e
1173,\xf0\x9f\x8c\x9d
1174,\xf0\x9f\x92\x93
1175,\xf0\x9f\xa4\xa6
1176,\xf0\x9f\xa9\xbb
1177,\xf0\x9f\x91\xaf
1178,\xf0\x9f\x8e\xb8
1179,\xf0\x9f\x98\xbc
1180,\xf0\x9f\x8c\x90
1181,\xf0\x9f\x8f\xb7
1182,\xf0\x9f\x92\xa1
1183,\xf0\x9f\x8e\x97
1184,\xf0\x9f\xab\xa3
1185,\xf0\x9f\x97\x83
1186,\xf0\x9f\xa7\xb8
1187,\xf0\x9f\xa4\xbf
1188,\xf0\x9f\x90\xaa
1189,\xf0\x9f\xa6\xa7
1190,\xf0\x9f\xaa\x97
1191,\xf0\x9f\x9a\x91
1192,\xf0\x9f\x88\xb3
1193,\xf0\x9f\x92\xbc
1194,\xf0\x9f\xa4\x9c
1195,\xf0\x9f\x95\xa5
1196,\xf0\x9f\xa7\xa6
1197,\xf0\x9f\x98\x8c
1198,\xf0\x9f\x91\x82
1199,\xf0\x9f\x94\xa2
1200,\xf0\x9f\x94\x81
1201,\xf0\x9f\x93\xb6
1202,\xf0\x9f\x87\xbc
1203,\xf0\x9f\x90\xaf
1204,\xf0\x9f\x9a\xad
1205,\xf0\x9f\x8e\xb7
1206,\xf0\x9f\x90\x9a
1207,\xf0\x9f\xab\x8f
1208,\xf0\x9f\x87\xa9
1209,\xf0\x9f\xa4\x97
1210,\xf0\x9f\xa7\xa5
1211,\xf0\x9f\x8c\x86
1212,\xf0\x9f\x90\x8c
1213,\xf0\x9f\x8e\x8d
1214,\xf0\x9f\xaa\x95
1215,\xf0\x9f\x91\xaa
1216,\xf0\x9f\x98\x98
1217,\xf0\x9f\x98\xa9
1218,\xf0\x9f\x99\x80
1219,\xf0\x9f\xa4\x8b
1220,\xf0\x9f\x93\x8a
1221,\xf0\x9f\xaa\xaf
1222,\xf0\x9f\x92\xb6
1223,\xf0\x9f\xaa\xb8
1224,\xf0\x9f\x8e\x84
1225,\xf0\x9f\xa5\x82
1226,\xf0\x9f\x94\x97
1227,\xf0\x9f\x99\x84
1228,\xf0\x9f\x8e\xbf
1229,\xf0\x9f\x8c\x8f
1230,\xf0\x9f\xab\x80
1231,\xf0\x9f\xa4\x99
1232,\xf0\x9f\xaa\xa7
1233,\xf0\x9f\xaa\xb5
1234,\xf0\x9f\xa7\xa9
1235,\xf0\x9f\xa6\xb4
1236,\xf0\x9f\x8f\xa3
1237,\xf0\x9f\xa5\xaf
1238,\xf0\x9f\xa4\xab
1239,\xf0\x9f\x8e\x8a
1240,\xf0\x9f\x9b\x85
1241,\xf0\x9f\x94\xb1
1242,\xf0\x9f\x93\xa5
1243,\xf0\x9f\x90\x8d
1244,\xf0\x9f\x98\x92
1245,\xf0\x9f\xaa\xb7
1246,\xf0\x9f\x98\x8b
1247,\xf0\x9f\x92\xba
1248,\xf0\x9f\x8f\xad
1249,\xf0\x9f\xa4\x91
1250,\xf0\x9f\x91\x8f
1251,\xf0\x9f\x93\xbd
1252,\xf0\x9f\x90\xb5
1253,\xf0\x9f\x91\xa1
1254,\xf0\x9f\x8c\xb7
1255,\xf0\x9f\xa6\x89
1256,\xf0\x9f\x8c\xa7
1257,\xf0\x9f\x8d\x8d
1258,\xf0\x9f\xa6\x99
1259,\xf0\x9f\xa6\xaa
1260,\xf0\x9f\x92\x80
1261,\xf0\x9f\x88\x81
1262,\xf0\x9f\xa7\x8a
1263,\xf0\x9f\x8e\x8f
1264,\xf0\x9f\x91\xbf
1265,\xf0\x9f\x93\xbf
1266,\xf0\x9f\x9a\xae
1267,\xf0\x9f\x9b\x91
1268,\xf0\x9f\x92\x9e
1269,\xf0\x9f\xa6\xa6
1270,\xf0\x9f\xa5\x98
1271,\xf0\x9f\x90\x95
1272,\xf0\x9f\xaa\xb2
1273,\xf0\x9f\x8e\x87
1274,\xf0\x9f\x8f\x92
1275,\xf0\x9f\x93\xa1
1276,\xf0\x9f\x90\xac
1277,\xf0\x9f\x94\xb7
1278,\xf0\x9f\x9b\xab
1279,\xf0\x9f\xa4\x8a
1280,\xf0\x9f\xa6\xb3
1281,\xf0\x9f\xa4\xba
1282,\xf0\x9f\x8c\xb0
1283,\xf0\x9f\x94\x87
1284,\xf0\x9f\xab\xa4
1285,\xf0\x9f\x91\x8e
1286,\xf0\x9f\x9f\xa6
1287,\xf0\x9f\xa7\x9a
1288,\xf0\x9f\x8c\x84
1289,\xf0\x9f\xa9\xb7
1290,\xf0\x9f\xa7\x9f
1291,\xf0\x9f\xab\xa1
1292,\xf0\x9f\x98\x91
1293,\xf0\x9f\xa4\xb6
1294,\xf0\x9f\x93\xbb
1295,\xf0\x9f\x8c\x8a
1296,\xf0\x9f\xa4\x96
1297,\xf0\x9f\x98\xb3
1298,\xf0\x9f\x98\xab
1299,\xf0\x9f\x98\x8a
1300,\xf0\x9f\xa5\xab
1301,\xf0\x9f\x94\x92
1302,\xf0\x9f\x96\x96
1303,\xf0\x9f\x92\x92
1304,\xf0\x9f\x96\xa4
1305,\xf0\x9f\xa6\x8f
1306,\xf0\x9f\xa4\xa2
1307,\xf0\x9f\x90\x85
1308,\xf0\x9f\x90\xb6
1309,\xf0\x9f\x8e\xa1
1310,\xf0\x9f\x9b\xa4
1311,\xf0\x9f\xa7\x86
1312,\xf0\x9f\x98\xbb
1313,\xf0\x9f\x9f\xa7
1314,\xf0\x9f\xa7\x95
1315,\xf0\x9f\x8d\xa5
1316,\xf0\x9f\x92\x8f
1317,\xf0\x9f\x9a\xa1
1318,\xf0\x9f\x9a\xa4
1319,\xf0\x9f\x92\x94
1320,\xf0\x9f\x91\x9d
1321,\xf0\x9f\x95\xb6
1322,\xf0\x9f\x8d\xb4
1323,\xf0\x9f\x8d\x8e
1324,\xf0\x9f\xab\xb1
1325,\xf0\x9f\xa4\x9e
1326,\xf0\x9f\xa4\xbc
1327,\xf0\x9f\xaa\x9a
1328,\xf0\x9f\x90\xa8
1329,\xf0\x9f\x8e\xaa
1330,\xf0\x9f\xa7\x9b
1331,\xf0\x9f\x8f\x83
1332,\xf0\x9f\x92\x81
1333,\xf0\x9f\x98\x83
1334,\xf0\x9f\x92\x9c
1335,\xf0\x9f\x99\x8d
1336,\xf0\x9f\xab\xb4
1337,\xf0\x9f\xa5\x88
1338,\xf0\x9f\xab\x85
1339,\xf0\x9f\xaa\xbd
1340,\xf0\x9f\x91\x98
1341,\xf0\x9f\xa7\x92
1342,\xf0\x9f\xaa\xa8
1343,\xf0\x9f\x9b\x95
1344,\xf0\x9f\x9b\xa2
1345,\xf0\x9f\x92\xaa
1346,\xf0\x9f\x9f\xb0
1347,\xf0\x9f\x98\xa6
1348,\xf0\x9f\x85\xbe
1349,\xf0\x9f\x98\xa3
1350,\xf0\x9f\x90\xb8
1351,\xf0\x9f\x9a\xa3
1352,\xf0\x9f\x8e\xa9
1353,\xf0\x9f\xab\x9b
1354,\xf0\x9f\x93\x9e
1355,\xf0\x9f\x8d\x89
1356,\xf0\x9f\x91\xbb
1357,\xf0\x9f\x93\xa9
1358,\xf0\x9f\x8f\xac
1359,\xf0\x9f\xa4\xb0
1360,\xf0\x9f\xa5\xbb
1361,\xf0\x9f\x98\xaa
1362,\xf0\x9f\x88\xb5
1363,\xf0\x9f\x98\xb6
1364,\xf0\x9f\x91\x99
1365,\xf0\x9f\x8d\x81
1366,\xf0\x9f\x88\xb4
1367,\xf0\x9f\x94\x82
1368,\xf0\x9f\x96\xa5
1369,\xf0\x9f\xa7\xb6
1370,\xf0\x9f\x8f\xa4
1371,\xf0\x9f\x8e\xa6
1372,\xf0\x9f\x99\x85
1373,\xf0\x9f\x8f\x93
1374,\xf0\x9f\x96\x87
1375,\xf0\x9f\x8d\xad
1376,\xf0\x9f\x8c\xa5
1377,\xf0\x9f\xa7\x9e
1378,\xf0\x9f\x9a\x90
1379,\xf0\x9f\xa4\x8c
1380,\xf0\x9f\xa7\x82
1381,\xf0\x9f\x8c\xa9
1382,\xf0\x9f\xa4\xb8
1383,\xf0\x9f\x8f\xa8
1384,\xf0\x9f\xa6\x87
1385,\xf0\x9f\x90\xb1
1386,\xf0\x9f\x94\x88
1387,\xf0\x9f\x8f\xb5
1388,\xf0\x9f\x9b\x90
1389,\xf0\x9f\x8d\xb1
1390,\xf0\x9f\x92\x84
1391,\xf0\x9f\x94\xbd
1392,\xf0\x9f\xa7\x83
1393,\xf0\x9f\x91\xa7
1394,\xf0\x9f\xa4\xb2
1395,\xf0\x9f\xa4\xad
1396,\xf0\x9f\xa5\x91
1397,\xf0\x9f\x8d\xab
1398,\xf0\x9f\x90\x94
1399,\xf0\x9f\xa7\x94
1400,\xf0\x9f\x87\xba
1401,\xf0\x9f\xa6\x91
1402,\xf0\x9f\xab\xb6
1403,\xf0\x9f\x94\xab
1404,\xf0\x9f\x8e\xba
1405,\xf0\x9f\xa9\xba
1406,\xf0\x9f\x95\x9f
1407,\xf0\x9f\x95\x8d
1408,\xf0\x9f\x86\x97
1409,\xf0\x9f\x8c\xbb
1410,\xf0\x9f\xa5\x95
1411,\xf0\x9f\xa6\xb8
1412,\xf0\x9f\xa5\x8e
1413,\xf0\x9f\x9a\xb0
1414,\xf0\x9f\x8e\xb3
1415,\xf0\x9f\x92\xa0
1416,\xf0\x9f\x88\xb2
1417,\xf0\x9f\xaa\xbf
1418,\xf0\x9f\x9a\xbe
1419,\xf0\x9f\x91\xa0
1420,\xf0\x9f\xa5\x81
1421,\xf0\x9f\x8f\xbf
1422,\xf0\x9f\xa7\x8d
1423,\xf0\x9f\x8e\xb9
1424,\xf0\x9f\x94\xb5
1425,\xf0\x9f\x8f\x95
1426,\xf0\x9f\x95\x99
1427,\xf0\x9f\x92\xb3
1428,\xf0\x9f\x93\x82
1429,\xf0\x9f\x8d\x8f
1430,\xf0\x9f\x8f\xba
1431,\xf0\x9f\x80\x84
1432,\xf0\x9f\x8d\xa3
1433,\xf0\x9f\xa5\x9b
1434,\xf0\x9f\x94\xb4
1435,\xf0\x9f\xa7\x84
1436,\xf0\x9f\x8e\x9f
1437,\xf0\x9f\xa5\xb1
1438,\xf0\x9f\x8d\xb6
1439,\xf0\x9f\x8e\xb4
1440,\xf0\x9f\x8e\xbc
1441,\xf0\x9f\x9a\x97
1442,\xf0\x9f\xaa\xa0
1443,\xf0\x9f\x9b\x9d
1444,\xf0\x9f\x8d\xa9
1445,\xf0\x9f\x95\xb5
1446,\xf0\x9f\x9a\x86
1447,\xf0\x9f\xa6\xbc
1448,\xf0\x9f\x8e\x92
1449,\xf0\x9f\xab\x90
1450,\xf0\x9f\x90\x8b
1451,\xf0\x9f\xa4\xaa
1452,\xf0\x9f\x91\xae
1453,\xf0\x9f\x8e\xb1
1454,\xf0\x9f\x94\xa4
1455,\xf0\x9f\x98\xb0
1456,\xf0\x9f\x8f\xa7
1457,\xf0\x9f\x9b\xa9
1458,\xf0\x9f\x90\x9e
1459,\xf0\x9f\xa6\xa9
1460,\xf0\x9f\x8e\xa2
1461,\xf0\x9f\x8c\xa1
1462,\xf0\x9f\x87\xa8
1463,\xf0\x9f\x8f\x9a
1464,\xf0\x9f\x8e\x8c
1465,\xf0\x9f\x8d\xa2
1466,\xf0\x9f\xa7\xa1
1467,\xf0\x9f\x86\x98
1468,\xf0\x9f\x9f\xa3
1469,\xf0\x9f\x8d\xae
1470,\xf0\x9f\x87\xbb
1471,\xf0\x9f\xa6\xa5
1472,\xf0\x9f\x92\xbb
1473,\xf0\x9f\x94\x85
1474,\xf0\x9f\xa6\x88
1475,\xf0\x9f\xa7\x93
1476,\xf0\x9f\x9a\x98
1477,\xf0\x9f\x98\x82
1478,\xf0\x9f\xa4\xa1
1479,\xf0\x9f\xa9\xb3
1480,\xf0\x9f\x90\x9f
1481,\xf0\x9f\x86\x93
1482,\xf0\x9f\x8c\x91
1483,\xf0\x9f\x94\xb2
1484,\xf0\x9f\x92\xb4
1485,\xf0\x9f\x87\xb4
1486,\xf0\x9f\x91\x85
1487,\xf0\x9f\x93\x9d
1488,\xf0\x9f\x8e\xb2
1489,\xf0\x9f\x8f\x87
1490,\xf0\x9f\x96\x90
1491,\xf0\x9f\x91\x9a
1492,\xf0\x9f\x98\xa4
1493,\xf0\x9f\x8f\x8e
1494,\xf0\x9f\x95\xb7
1495,\xf0\x9f\x8e\xb6
1496,\xf0\x9f\x98\x8d
1497,\xf0\x9f\x93\x8e
1498,\xf0\x9f\x95\x92
1499,\xf0\x9f\x93\x9f
1500,\xf0\x9f\x87\xa7
1501,\xf0\x9f\x94\xa0
1502,\xf0\x9f\x9a\x9e
1503,\xf0\x9f\xa4\x8d
1504,\xf0\x9f\x9b\xbb
1505,\xf0\x9f\x94\x83
1506,\xf0\x9f\xa6\x9e
1507,\xf0\x9f\x8f\x96
1508,\xf0\x9f\x8c\x9e
1509,\xf0\x9f\xa7\xa4
1510,\xf0\x9f\xaa\x9e
1511,\xf0\x9f\x8d\x96
1512,\xf0\x9f\x8f\x80
1513,\xf0\x9f\x8c\xab
1514,\xf0\x9f\x8d\x86
1515,\xf0\x9f\x90\x97
1516,\xf0\x9f\x8d\x8c
1517,\xf0\x9f\x92\x83
1518,\xf0\x9f\x8d\xa7
1519,\xf0\x9f\x94\x9e
1520,\xf0\x9f\xa6\x86
1521,\xf0\x9f\xa4\xa9
1522,\xf0\x9f\xab\x97
1523,\xf0\x9f\x8e\xb0
1524,\xf0\x9f\x93\xb9
1525,\xf0\x9f\xa6\xbf
1526,\xf0\x9f\x98\xac
1527,\xf0\x9f\x8f\xa0
1528,\xf0\x9f\x98\xae
1529,\xf0\x9f\x9f\xa5
1530,\xf0\x9f\x8f\xa2
1531,\xf0\x9f\x92\x82
1532,\xf0\x9f\xaa\xa2
1533,\xf0\x9f\x85\xbf
1534,\xf0\x9f\x95\xb8
1535,\xf0\x9f\xaa\x96
1536,\xf0\x9f\xaa\x87
1537,\xf0\x9f\xab\xb5
1538,\xf0\x9f\x8d\x88
1539,\xf0\x9f\x8d\xa0
1540,\xf0\x9f\x90\xa4
1541,\xf0\x9f\x8f\x86
1542,\xf0\x9f\x99\x87
1543,\xf0\x9f\x8d\x90
1544,\xf0\x9f\x98\xad
1545,\xf0\x9f\x8d\xb7
1546,\xf0\x9f\x8c\x98
1547,\xf0\x9f\x8f\x84
1548,\xf0\x9f\x92\x87
1549,\xf0\x9f\xa7\x8b
1550,\xf0\x9f\x8c\x96
1551,\xf0\x9f\x8d\x9a
1552,\xf0\x9f\xa7\x98
1553,\xf0\x9f\xa7\xbe
1554,\xf0\x9f\x8f\xab
1555,\xf0\x9f\xa9\xb9
1556,\xf0\x9f\xaa\xb6
1557,\xf0\x9f\x9b\x81
1558,\xf0\x9f\x8e\x96
1559,\xf0\x9f\x9f\xa4
1560,\xf0\x9f\x87\xa6
1561,\xf0\x9f\x98\xb1
1562,\xf0\x9f\x94\x98
1563,\xf0\x9f\x90\xa0
1564,\xf0\x9f\x91\x84
1565,\xf0\x9f\xa4\xb5
1566,\xf0\x9f\xa7\x89
1567,\xf0\x9f\xa6\xa8
1568,\xf0\x9f\x91\xad
1569,\xf0\x9f\x8e\x99
1570,\xf0\x9f\xa7\xbb
1571,\xf0\x9f\x91\xb3
1572,\xf0\x9f\x97\x84
1573,\xf0\x9f\x93\xb4
1574,\xf0\x9f\x93\x9b
1575,\xf0\x9f\x90\x88
1576,\xf0\x9f\xa7\xb2
1577,\xf0\x9f\x8e\x89
1578,\xf0\x9f\x92\xb1
1579,\xf0\x9f\x87\xb2
1580,\xf0\x9f\x91\x8a
1581,\xf0\x9f\x95\x95
1582,\xf0\x9f\xab\xa2
1583,\xf0\x9f\x9b\x9e
1584,\xf0\x9f\x9a\x82
1585,\xf0\x9f\xa5\x8d
1586,\xf0\x9f\xa6\xb0
1587,\xf0\x9f\x8d\xa6
1588,\xf0\x9f\xaa\xbc
1589,\xf0\x9f\x94\xa7
1590,\xf0\x9f\x8e\xab
1591,\xf0\x9f\xa4\xa7
1592,\xf0\x9f\x98\xbe
1593,\xf0\x9f\x88\xb8
1594,\xf0\x9f\x95\x9d
1595,\xf0\x9f\x94\xaa
1596,\xf0\x9f\x8d\x87
1597,\xf0\x9f\x91\x9c
1598,\xf0\x9f\x96\xa8
1599,\xf0\x9f\x9a\xa9
1600,\xf0\x9f\x91\x83
1601,\xf0\x9f\x85\xb0
1602,\xf0\x9f\xa9\xb8
1603,\xf0\x9f\xa4\xaf
1604,\xf0\x9f\x92\x86
1605,\xf0\x9f\x8d\x9d
1606,\xf0\x9f\x8e\xae
1607,\xf0\x9f\x9a\x80
1608,\xf0\x9f\x8c\x99
1609,\xf0\x9f\x9b\xb0
1610,\xf0\x9f\x88\xaf
1611,\xf0\x9f\x95\x9e
1612,\xf0\x9f\x8e\x88
1613,\xf0\x9f\x94\xa9
1614,\xf0\x9f\x91\xa2
1615,\xf0\x9f\x92\x8c
1616,\xf0\x9f\x8f\x8d
1617,\xf0\x9f\x9b\xb6
1618,\xf0\x9f\xa4\x94
1619,\xf0\x9f\x95\x97
1620,\xf0\x9f\xaa\xa1
1621,\xf0\x9f\xa6\x81
1622,\xf0\x9f\xa7\x97
1623,\xf0\x9f\x83\x8f
1624,\xf0\x9f\xa4\x9f
1625,\xf0\x9f\x95\x96
1626,\xf0\x9f\x88\x9a
1627,\xf0\x9f\x9a\xba
1628,\xf0\x9f\x90\x8f
1629,\xf0\x9f\x95\x9c
1630,\xf0\x9f\x92\xb0
1631,\xf0\x9f\x8c\xb9
1632,\xf0\x9f\x9b\x92
1633,\xf0\x9f\x90\xae
1634,\xf0\x9f\x87\xb6
1635,\xf0\x9f\x8f\x98
1636,\xf0\x9f\x93\xb2
1637,\xf0\x9f\xa7\x8f
1638,\xf0\x9f\x94\x99
1639,\xf0\x9f\xa9\xb6
1640,\xf0\x9f\x9b\xa1
1641,\xf0\x9f\x89\x91
1642,\xf0\x9f\x94\xae
1643,\xf0\x9f\x8e\xa4
1644,\xf0\x9f\xa6\x80
1645,\xf0\x9f\x97\xa1
1646,\xf0\x9f\x8d\x94
1647,\xf0\x9f\x9a\xac
1648,\xf0\x9f\x91\x81
1649,\xf0\x9f\xa4\x9b
1650,\xf0\x9f\x8c\x9a
1651,\xf0\x9f\x87\xbd
1652,\xf0\x9f\x99\x8b
1653,\xf0\x9f\x98\x87
1654,\xf0\x9f\x8f\x94
1655,\xf0\x9f\x92\xa3
1656,\xf0\x9f\x8c\xb8
1657,\xf0\x9f\xa6\x84
1658,\xf0\x9f\x8c\x87
1659,\xf0\x9f\x8d\xbd
1660,\xf0\x9f\x93\xa2
1661,\xf0\x9f\xa7\xa8
1662,\xf0\x9f\xaa\xab
1663,\xf0\x9f\x93\x98
1664,\xf0\x9f\xa6\xb9
1665,\xf0\x9f\xab\xa6
1666,\xf0\x9f\xa5\x97
1667,\xf0\x9f\xa7\xb0
1668,\xf0\x9f\x8f\x88
1669,\xf0\x9f\x9a\x9a
1670,\xf0\x9f\x8c\x97
1671,\xf0\x9f\x87\xae
1672,\xf0\x9f\x87\xbe
1673,\xf0\x9f\xa7\x81
1674,\xf0\x9f\xaa\xba
1675,\xf0\x9f\xa5\xb2
1676,\xf0\x9f\x86\x94
1677,\xf0\x9f\xab\x82
1678,\xf0\x9f\x90\x83
1679,\xf0\x9f\x95\xa2
1680,\xf0\x9f\xa7\xa0
1681,\xf0\x9f\x95\xb4
1682,\xf0\x9f\x90\x82
1683,\xf0\x9f\x8d\xa8
1684,\xf0\x9f\x91\xb6
1685,\xf0\x9f\x94\xa6
1686,\xf0\x9f\x9a\x8c
1687,\xf0\x9f\x9b\x8e
1688,\xf0\x9f\xa6\x8b
1689,\xf0\x9f\x8f\xaf
1690,\xf0\x9f\x94\x8e
1691,\xf0\x9f\x90\x86
1692,\xf0\x9f\x91\xb9
1693,\xf0\x9f\xa6\x8a
1694,\xf0\x9f\xa6\xb7
1695,\xf0\x9f\x94\x8c
1696,\xf0\x9f\x9b\xba
1697,\xf0\x9f\x8c\xa0
1698,\xf0\x9f\x9b\x9f
1699,\xf0\x9f\x90\x9b
1700,\xf0\x9f\x94\xac
1701,\xf0\x9f\x8d\x9f
1702,\xf0\x9f\xaa\xa5
1703,\xf0\x9f\x92\xb2
1704,\xf0\x9f\x90\xb4
1705,\xf0\x9f\x9b\x82
1706,\xf0\x9f\x91\x9f
1707,\xf0\x9f\x94\x90
1708,\xf0\x9f\xa4\xa0
1709,\xf0\x9f\x94\x9a
1710,\xf0\x9f\x90\xa7
1711,\xf0\x9f\x93\xba
1712,\xf0\x9f\x8e\x93
1713,\xf0\x9f\x9a\xb8
1714,\xf0\x9f\x86\x9a
1715,\xf0\x9f\x95\x94
1716,\xf0\x9f\x94\x96
1717,\xf0\x9f\x98\xb7
1718,\xf0\x9f\x95\xa1
1719,\xf0\x9f\x91\x8c
1720,\xf0\x9f\x9a\x94
1721,\xf0\x9f\xa4\xb1
1722,\xf0\x9f\x8d\x93
1723,\xf0\x9f\x92\xab
1724,\xf0\x9f\x98\xa1
1725,\xf0\x9f\x95\x98
1726,\xf0\x9f\x87\xbf
1727,\xf0\x9f\x8d\xbe
1728,\xf0\x9f\x9a\x8e
1729,\xf0\x9f\xab\x93
1730,\xf0\x9f\x97\xb3
1731,\xf0\x9f\xa9\xb1
1732,\xf0\x9f\xa5\x84
1733,\xf0\x9f\x9a\xbc
1734,\xf0\x9f\xa6\xb2
1735,\xf0\x9f\x92\xb7
1736,\xf0\x9f\x92\x9b
1737,\xf0\x9f\x93\xb5
1738,\xf0\x9f\x96\xbc
1739,\xf0\x9f\xa5\x85
1740,\xf0\x9f\x8f\x85
1741,\xf0\x9f\x88\xb9
1742,\xf0\x9f\x87\xb0
1743,\xf0\x9f\x90\xa5
1744,\xf0\x9f\x94\xb3
1745,\xf0\x9f\x97\xba
1746,\xf0\x9f\x95\xa3
1747,\xf0\x9f\x98\x99
1748,\xf0\x9f\x8f\xbb
1749,\xf0\x9f\x94\x8f
1750,\xf0\x9f\xaa\x98
1751,\xf0\x9f\x9a\xa2
1752,\xf0\x9f\x8f\x97
1753,\xf0\x9f\x9a\x9d
1754,\xf0\x9f\x88\xba
1755,\xf0\x9f\x8f\x82
1756,\xf0\x9f\x90\x9c
1757,\xf0\x9f\xa7\x96
1758,\xf0\x9f\xab\xb3
1759,\xf0\x9f\x8c\x88
1760,\xf0\x9f\xaa\x85
1761,\xf0\x9f\x8c\x80
1762,\xf0\x9f\x8c\xb1
1763,\xf0\x9f\xa7\x8e
1764,\xf0\x9f\x9a\x9b
1765,\xf0\x9f\xa6\xbe
1766,\xf0\x9f\xa4\x93
1767,\xf0\x9f\xa7\xa7
1768,\xf0\x9f\xa5\x8f
1769,\xf0\x9f\x86\x92
1770,\xf0\x9f\x8f\xa9
1771,\xf0\x9f\xa4\x90
1772,\xf0\x9f\x8e\xbd
1773,\xf0\x9f\xa6\x8e
1774,\xf0\x9f\x8d\x8b
1775,\xf0\x9f\x92\x91
1776,\xf0\x9f\x9a\x99
1777,\xf0\x9f\xa4\x98
1778,\xf0\x9f\xa5\xbc
1779,\xf0\x9f\x90\x84
1780,\xf0\x9f\x95\x8b
1781,\xf0\x9f\x8d\x84
1782,\xf0\x9f\x8d\xaf
1783,\xf0\x9f\x98\x85
1784,\xf0\x9f\x96\x8d
1785,\xf0\x9f\x92\x8b
1786,\xf0\x9f\xa5\x9c
1787,\xf0\x9f\x93\x81
1788,\xf0\x9f\x91\xbe
1789,\xf0\x9f\xa5\x93
1790,\xf0\x9f\x95\xa4
1791,\xf0\x9f\x8c\xad
1792,\xf0\x9f\x92\xa5
1793,\xf0\x9f\x8c\x9b
1794,\xf0\x9f\xa5\x8b
1795,\xf0\x9f\xaa\xac
1796,\xf0\x9f\x91\x8d
1797,\xf0\x9f\xa6\xa3
1798,\xf0\x9f\x98\x93
1799,\xf0\x9f\x8d\xaa
1800,\xf0\x9f\x98\x95
1801,\xf0\x9f\x98\xb8
1802,\xf0\x9f\xa6\xaf
1803,\xf0\x9f\xaa\xa6
1804,\xf0\x9f\x98\xbf
1805,\xf0\x9f\xaa\x91
1806,\xf0\x9f\x93\xad
1807,\xf0\x9f\x8f\xbc
1808,\xf0\x9f\x99\x88
1809,\xf0\x9f\x8f\xb9
1810,\xf0\x9f\xaa\xb0
1811,\xf0\x9f\xa6\x82
1812,\xf0\x9f\x93\x87
1813,\xf0\x9f\x93\x8f
1814,\xf0\x9f\x8c\x94
1815,\xf0\x9f\x94\x94
1816,\xf0\x9f\x92\xa7
1817,\xf0\x9f\xa5\x9a
1818,\xf0\x9f\x98\x86
1819,\xf0\x9f\x93\x99
1820,\xf0\x9f\x9b\x84
1821,\xf0\x9f\x90\x89
1822,\xf0\x9f\xa6\x96
1823,\xf0\x9f\x8f\xb8
1824,\xf0\x9f\x87\xaa
1825,\xf0\x9f\x95\x93
1826,\xf0\x9f\x8d\xbb
1827,\xf0\x9f\x9a\xbb
1828,\xf0\x9f\x8c\x82
1829,\xf0\x9f\x98\x80
1830,\xf0\x9f\x8d\xb9
1831,\xf0\x9f\xab\x98
1832,\xf0\x9f\x97\xa8
1833,\xf0\x9f\xaa\xae
1834,\xf0\x9f\x9b\x8c
1835,\xf0\x9f\x93\x9a
1836,\xf0\x9f\x9a\xbf
1837,\xf0\x9f\xa5\x9f
1838,\xf0\x9f\x8e\x9a
1839,\xf0\x9f\xa4\x9d
1840,\xf0\x9f\x96\xb1
1841,\xf0\x9f\x97\x9c
1842,\xf0\x9f\x93\x91
1843,\xf0\x9f\x92\x99
1844,\xf0\x9f\xab\xb8
1845,\xf0\x9f\x90\xa3
1846,\xf0\x9f\x94\xa1
1847,\xf0\x9f\xa5\x8c
1848,\xf0\x9f\xa6\xa4
1849,\xf0\x9f\x95\xba
1850,\xf0\x9f\x98\x9e
1851,\xf0\x9f\xa7\xbc
1852,\xf0\x9f\xab\x96
1853,\xf0\x9f\xa5\xac
1854,\xf0\x9f\xa6\x85
1855,\xf0\x9f\xa4\xb9
1856,\xf0\x9f\xaa\x99
1857,\xf0\x9f\xa5\x80
1858,\xf0\x9f\x9a\xb7
1859,\xf0\x9f\x95\xb9
1860,\xf0\x9f\xa9\xb0
1861,\xf0\x9f\x96\xb2
1862,\xf0\x9f\x98\x94
1863,\xf0\x9f\x93\xb1
1864,\xf0\x9f\x91\xa4
1865,\xf0\x9f\x94\xa5
1866,\xf0\x9f\x9a\xb4
1867,\xf0\x9f\x9b\x96
1868,\xf0\x9f\xa4\xbd
1869,\xf0\x9f\x9a\xb9
1870,\xf0\x9f\x8d\x92
1871,\xf0\x9f\xa4\x8f
1872,\xf0\x9f\x93\x89
1873,\xf0\x9f\x90\x9d
1874,\xf0\x9f\x8c\x92
1875,\xf0\x9f\x9a\xaa
1876,\xf0\x9f\xaa\xa9
1877,\xf0\x9f\x93\xaa
1878,\xf0\x9f\xaa\x82
1879,\xf0\x9f\xaa\x94
1880,\xf0\x9f\xa6\xad
1881,\xf0\x9f\x92\x90
1882,\xf0\x9f\x92\x85
1883,\xf0\x9f\x9f\xa9
1884,\xf0\x9f\xa7\xba
1885,\xf0\x9f\x8c\xb3
1886,\xf0\x9f\xab\x83
1887,\xf0\x9f\x93\xb3
1888,\xf0\x9f\x97\xbb
1889,\xf0\x9f\xa7\x99
1890,\xf0\x9f\xa7\xae
1891,\xf0\x9f\x90\xbb
1892,\xf0\x9f\x93\x97
1893,\xf0\x9f\x92\x8a
1894,\xf0\x9f\x94\x80
1895,\xf0\x9f\x9a\x8f
1896,\xf0\x9f\xa7\x91
1897,\xf0\x9f\x8d\xb2
1898,\xf0\x9f\x91\x9b
1899,\xf0\x9f\xa5\x8a
1900,\xf0\x9f\xa7\xbf
1901,\xf0\x9f\x94\xaf
1902,\xf0\x9f\x9b\xb5
1903,\xf0\x9f\x9b\x8d
1904,\xf0\x9f\x94\xa3
1905,\xf0\x9f\x98\xa5
1906,\xf0\x9f\x93\x9c
1907,\xf0\x9f\x90\xb7
1908,\xf0\x9f\x99\x8e
1909,\xf0\x9f\xa7\xaf
1910,\xf0\x9f\xab\x99
1911,\xf0\x9f\x9a\xbd
1912,\xf0\x9f\x95\xa7
1913,\xf0\x9f\x98\x9a
1914,\xf0\x9f\x8d\xba
1915,\xf0\x9f\x87\xab
1916,\xf0\x9f\x8e\xac
1917,\xf0\x9f\x9a\xaf
1918,\xf0\x9f\x8c\x8e
1919,\xf0\x9f\x92\xa6
1920,\xf0\x9f\x90\x8e
1921,\xf0\x9f\x8d\x85
1922,\xf0\x9f\xa7\xa3
1923,\xf0\x9f\x9b\xa5
1924,\xf0\x9f\xa4\xa5
1925,\xf0\x9f\xa6\x9f
1926,\xf0\x9f\x93\xb0
1927,\xf0\x9f\x9a\xb6
1928,\xf0\x9f\xa7\xb5
1929,\xf0\x9f\x91\x80
1930,\xf0\x9f\x8c\x95
1931,\xf0\x9f\x8f\x99
1932,\xf0\x9f\x94\x8a
1933,\xf0\x9f\xa5\x83
1934,\xf0\x9f\x87\xb7
1935,\xf0\x9f\x9a\xab
1936,\xf0\x9f\x91\xb2
1937,\xf0\x9f\x9b\x97
1938,\xf0\x9f\x93\xbc
1939,\xf0\x9f\x97\xbd
1940,\xf0\x9f\x95\xaf
1941,\xf0\x9f\x92\x9d
1942,\xf0\x9f\x9a\x9f
1943,\xf0\x9f\x93\xa0
1944,\xf0\x9f\x94\xb6
1945,\xf0\x9f\x91\xa6
1946,\xf0\x9f\x90\xbe
1947,\xf0\x9f\x99\x8c
1948,\xf0\x9f\xa4\xac
1949,\xf0\x9f\xa6\xb1
1950,\xf0\x9f\x9a\x83
1951,\xf0\x9f\x91\xb4
1952,\xf0\x9f\x94\x93
1953,\xf0\x9f\x90\x99
1954,\xf0\x9f\x90\xb9
1955,\xf0\x9f\x87\xb3
1956,\xf0\x9f\x91\x94
1957,\xf0\x9f\x9f\xab
1958,\xf0\x9f\xa5\xb0
1959,\xf0\x9f\x9b\xa3
1960,\xf0\x9f\x8e\xbe
1961,\xf0\x9f\xa7\x88
1962,\xf0\x9f\x87\xb5
1963,\xf0\x9f\xa5\xb6
1964,\xf0\x9f\x98\x97
1965,\xf0\x9f\x95\x8e
1966,\xf0\x9f\x99\x89
1967,\xf0\x9f\x91\xb8
1968,\xf0\x9f\xa5\xae
1969,\xf0\x9f\x95\x8a
1970,\xf0\x9f\x9b\x80
1971,\xf0\x9f\x92\xa9
1972,\xf0\x9f\x8f\x8a
1973,\xf0\x9f\x93\xb7
1974,\xf0\x9f\xa7\x87
1975,\xf0\x9f\x87\xaf
1976,\xf0\x9f\x91\xa9
1977,\xf0\x9f\x93\xae
1978,\xf0\x9f\x9a\xa6
1979,\xf0\x9f\x8f\x81
1980,\xf0\x9f\xaa\x9f
1981,\xf0\x9f\x98\xaf
1982,\xf0\x9f\x8c\xbf
1983,\xf0\x9f\x91\x92
1984,\xf0\x9f\x95\x91
1985,\xf0\x9f\x92\x98
1986,\xf0\x9f\x8d\x95
1987,\xf0\x9f\x9a\x84
1988,\xf0\x9f\xa7\xaa
1989,\xf0\x9f\x9a\x8a
1990,\xf0\x9f\x95\x9b
1991,\xf0\x9f\xaa\xb3
1992,\xf0\x9f\xaa\x92
1993,\xf0\x9f\x86\x99
1994,\xf0\x9f\x97\x82
1995,\xf0\x9f\x99\x83
1996,\xf0\x9f\x9a\x81
1997,\xf0\x9f\x8c\xae
1998,\xf0\x9f\x92\x9f
1999,\xf0\x9f\x9a\x8b
2000,\xf0\x9f\xa7\xab
2001,\xf0\x9f\x8f\xa5
2002,\xf0\x9f\xa7\x80
2003,\xf0\x9f\x8e\x86
2004,\xf0\x9f\x9b\xa0
2005,\xf0\x9f\x8d\x80
2006,\xf0\x9f\x91\xb5
2007,\xf0\x9f\x8e\xaf
2008,\xf0\x9f\xa6\x97
2009,\xf0\x9f\x8d\x91
2010,\xf0\x9f\x9b\xac
2011,\xf0\x9f\x94\xbb
2012,\xf0\x9f\x99\x86
2013,\xf0\x9f\xa5\x99
2014,\xf0\x9f\x86\x8e
2015,\xf0\x9f\x94\xb0
2016,\xf0\x9f\x99\x82
2017,\xf0\x9f\x91\xba
2018,\xf0\x9f\x91\xac
2019,\xf0\x9f\xa6\x9b
2020,\xf0\x9f\x8f\x9b
2021,\xf0\x9f\x92\x8d
2022,\xf0\x9f\x98\xa8
2023,\xf0\x9f\x9b\xb4
2024,\xf0\x9f\x8e\x82
2025,\xf0\x9f\xa6\xae
2026,\xf0\x9f\x8c\x9f
2027,\xf0\x9f\x9a\x88
2028,\xf0\x9f\x90\xa6
2029,\xf0\x9f\x8c\x85
2030,\xf0\x9f\x90\x91
2031,\xf0\x9f\x92\xad
2032,\xf0\x9f\xa6\x98
2033,\xf0\x9f\xa7\x9d
2034,\xf0\x9f\x94\xba
2035,\xf0\x9f\x92\x96
2036,\xf0\x9f\x8e\xa3
2037,\xf0\x9f\xa4\xb7
2038,\xf0\x9f\x93\x8c
2039,\xf0\x9f\x8e\xa8
2040,\xf0\x9f\xa5\xbd
2041,\xf0\x9f\x93\xa8
2042,\xf0\x9f\x94\x9d
2043,\xf0\x9f\x93\x96
2044,\xf0\x9f\xa6\xb5
2045,\xf0\x9f\xa5\x90
2046,\xf0\x9f\x93\x90
2047,\xf0\x9f\x90\xab
2048,\xf0\x9f\xa5\xbe
2049,\xf0\x9f\x8c\xb4
2050,\xf0\x9f\xab\x92
2051,\xf0\x9f\x8d\xac
2052,\xf0\x9f\xa6\x9d
2053,\xf0\x9f\x93\x84
2054,\xf0\x9f\x95\x8c
2055,\xf0\x9f\x9a\x87
2056,\xf0\x9f\xaa\xaa
2057,\xf0\x9f\xa6\x93
2058,\xf0\x9f\xa5\xad
2059,\xf0\x9f\x9a\x93
2060,\xf0\x9f\xa7\xa2
2061,\xf0\x9f\x9a\x8d
2062,\xf0\x9f\x86\x91
2063,\xf0\x9f\xa4\x95
2064,\xf0\x9f\x96\x95
2065,\xf0\x9f\x91\x9e
2066,\xf0\x9f\xab\xb2
2067,\xf0\x9f\x9a\xa5
2068,\xf0\x9f\x9a\xa8
2069,\xf0\x9f\x8f\xb3
2070,\xf0\x9f\x90\xba
2071,\xf0\x9f\x8e\x81
2072,\xf0\x9f\x88\x82
2073,\xf0\x9f\x92\xb8
2074,\xf0\x9f\x91\x87
2075,\xf0\x9f\x92\xae
2076,\xf0\x9f\xa5\xba
2077,\xf0\x9f\x8d\x9e
2078,\xf0\x9f\xab\xb0
2079,\xf0\x9f\xa5\xb3
2080,\xf0\x9f\xaa\xa3
2081,\xf0\x9f\x97\xa3
2082,\xf0\x9f\xa6\x8c
2083,\xf0\x9f\x93\x85
2084,\xf0\x9f\xa5\xb8
2085,\xf0\x9f\x96\x8a
2086,\xf0\x9f\x87\xb9
2087,\xf0\x9f\x92\xa2
2088,\xf0\x9f\x92\xb5
2089,\xf0\x9f\xa7\x90
2090,\xf0\x9f\x90\xbd
2091,\xf0\x9f\x94\xa8
2092,\xf0\x9f\x8d\x82
2093,\xf0\x9f\x93\xa4
2094,\xf0\x9f\x90\x93
2095,\xf0\x9f\x87\xb8
2096,\xf0\x9f\x98\xb4
2097,\xf0\x9f\xa4\x92
2098,\xf0\x9f\x92\xaf
2099,\xf0\x9f\x9b\xb9
2100,\xf0\x9f\x8c\xb6
2101,\xf0\x9f\x91\xb7
2102,\xf0\x9f\x8e\x8e
2103,\xf0\x9f\xa6\x92
2104,\xf0\x9f\x9b\x8b
2105,\xf0\x9f\x94\x9c
2106,\xf0\x9f\x98\x9b
2107,\xf0\x9f\x94\x9f
2108,\xf0\x9f\x90\x87
2109,\xf0\x9f\x98\x89
2110,\xf0\x9f\x8d\x97
2111,\xf0\x9f\x9a\x95
2112,\xf0\x9f\x93\xa3
2113,\xf0\x9f\x8f\xa1
2114,\xf0\x9f\xa6\x83
2115,\xf0\x9f\x8c\xb2
2116,\xf0\x9f\xa7\xac
2117,\xf0\x9f\x8c\xa8
2118,\xf0\x9f\x91\x8b
2119,\xf0\x9f\x8e\x9b
2120,\xf0\x9f\x98\xb5
2121,\xf0\x9f\xa6\xa2
2122,\xf0\x9f\x92\xbf
2123,\xf0\x9f\xa9\xb5
2124,\xf0\x9f\x8f\x9d
2125,\xf0\x9f\x86\x96
2126,\xf0\x9f\x90\xbf
2127,\xf0\x9f\x95\xb3
2128,\xf0\x9f\xab\x84
2129,\xf0\x9f\x92\x88
2130,\xf0\x9f\x97\xaf
2131,\xf0\x9f\xa7\xb4
2132,\xf0\x9f\x8e\xbb
2133,\xf0\x9f\x8c\xa6
2134,\xf0\x9f\x8d\xa1
2135,\xf0\x9f\x98\x84
2136,\xf0\x9f\x90\x90
2137,\xf0\x9f\x98\xa2
2138,\xf0\x9f\xa7\xb7
2139,\xf0\x9f\x90\xa2
2140,\xf0\x9f\x94\x91
2141,\xf0\x9f\x98\x9d
2142,\xf0\x9f\xaa\x80
2143,\xf0\x9f\x91\x88
2144,\xf0\x9f\x98\x8e
2145,\xf0\x9f\x9a\x92
2146,\xf0\x9f\x97\x93
2147,\xf0\x9f\x8c\x8d
2148,\xf0\x9f\x8d\xb8
2149,\xf0\x9f\x88\xb7
2150,\xf0\x9f\x8f\xbe
2151,\xf0\x9f\x99\x8a
2152,\xf0\x9f\xab\x95
2153,\xf0\x9f\x94\x89
2154,\xf0\x9f\x92\x97
2155,\xf0\x9f\x95\x9a
2156,\xf0\x9f\x97\xbf
2157,\xf0\x9f\xa5\xb9
2158,\xf0\x9f\x8f\x8c
2159,\xf0\x9f\x98\x96
2160,\xf0\x9f\x92\xac
2161,\xf0\x9f\x9a\xb2
2162,\xf0\x9f\x9f\xaa
2163,\xf0\x9f\x91\xbd
2164,\xf0\x9f\x87\xad
2165,\xf0\x9f\x90\x8a
2166,\xf0\x9f\x91\xb1
2167,\xf0\x9f\x9b\xb3
2168,\xf0\x9f\xaa\x9c
2169,\xf0\x9f\x8f\x89
2170,\xf0\x9f\xa6\xac
2171,\xf0\x9f\xa7\x85
2172,\xf0\x9f\x9a\xb1
2173,\xf0\x9f\x98\xba
2174,\xf0\x9f\x8f\xa6
2175,\xf0\x9f\x8e\x91
2176,\xf0\x9f\x93\x93
2177,\xf0\x9f\x8d\x8a
2178,\xf0\x9f\x8c\x9c
2179,\xf0\x9f\x86\x95
2180,\xf0\x9f\xaa\xbb
2181,\xf0\x9f\x9b\xb7
2182,\xf0\x9f\x91\x97
2183,\xf0\x9f\x93\xab
2184,\xf0\x9f\xab\x81
2185,\xf0\x9f\x8e\xa0
2186,\xf0\x9f\x8c\xa4
2187,\xf0\x9f\x99\x81
2188,\xf0\x9f\x93\x80
2189,\xf0\x9f\xa6\xa1
2190,\xf0\x9f\x93\x92
2191,\xf0\x9f\xaa\xb1
2192,\xf0\x9f\x91\xb0
2193,\xf0\x9f\xa5\xbf
2194,\xf0\x9f\xa6\x95
2195,\xf0\x9f\xa7\x8c
2196,\xf0\x9f\x94\x9b
2197,\xf0\x9f\x8c\x81
2198,\xf0\x9f\x9a\x96
2199,\xf0\x9f\xa9\xbc
2200,\xf0\x9f\x8c\xbd
2201,\xf0\x9f\xa4\xa3
2202,\xf0\x9f\x90\x96
2203,\xf0\x9f\xa7\xbd
2204,\xf0\x9f\xa6\x90
2205,\xf0\x9f\x95\xa0
2206,\xf0\x9f\xa5\x9e
2207,\xf0\x9f\x8c\x8b
2208,\xf0\x9f\x8d\xbf
2209,\xf0\x9f\x8f\xb4
2210,\xf0\x9f\xab\xb7
2211,\xf0\x9f\x8c\x83
2212,\xf0\x9f\xa7\xb9
2213,\xf0\x9f\x92\xa8
2214,\xf0\x9f\x8e\xa5
2215,\xf0\x9f\x8f\xbd
2216,\xf0\x9f\x97\x91
2217,\xf0\x9f\x9a\xa7
2218,\xf0\x9f\x90\x80
2219,\xf0\x9f\xaa\x81
2220,\xf0\x9f\x9f\xa0
2221,\xf0\x9f\xaa\x83
2222,\xf0\x9f\xa4\xa8
2223,\xf0\x9f\x91\x95
2224,\xf0\x9f\xa4\xb4
2225,\xf0\x9f\x90\xa1
2226,\xf0\x9f\xab\x9a
2227,\xf0\x9f\x9a\xb3
2228,\xf0\x9f\x8f\x9f
2229,\xf0\x9f\x91\x93
2230,\xf0\x9f\x94\xad
2231,\xf0\x9f\x8d\xa4
2232,\xf0\x9f\x93\x86
2233,\xf0\x9f\x93\xaf
2234,\xf0\x9f\xa6\xa0
2235,\xf0\x9f\x8c\xaa
2236,\xf0\x9f\x8d\xbc
2237,\xf0\x9f\xa5\x96
2238,\xf0\x9f\x8e\x80
2239,\xf0\x9f\xa6\x9c
2240,\xf0\x9f\x91\xbc
2241,\xf0\x9f\xaa\x9b
2242,\xf0\x9f\xa6\x9a
2243,\xf0\x9f\x91\x96
2244,\xf0\x9f\x92\x95
2245,\xf0\x9f\x9a\x9c
2246,\xf0\x9f\x92\x8e
2247,\xf0\x9f\x91\x91
2248,\xf0\x9f\xa6\x8d
2249,\xf0\x9f\x98\xb9
2250,\xf0\x9f\xa5\x87
2251,\xf0\x9f\x9b\xb8
2252,\xf0\x9f\xa6\xab
2253,\xf0\x9f\x87\xb1
2254,\xf0\x9f\xa4\xb3
2255,\xf0\x9f\x9f\xa1
2256,\xf0\x9f\xa5\xb5
2257,\xf0\x9f\xaa\x93
2258,\xf0\x9f\x8d\x9b
2259,\xf0\x9f\x8e\x83
2260,\xf0\x9f\xa5\x9d
2261,\xf0\x9f\x8f\x90
2262,\xf0\x9f\x8c\x89
2263,\xf0\x9f\xa9\xb4
2264,\xf0\x9f\x8d\x83
2265,\xf0\x9f\x96\x8b
2266,\xf0\x9f\xa6\xba
2267,\xf0\x9f\xa5\xb7
2268,\xf0\x9f\xa7\xb3
2269,\xf0\x9f\x92\xa4
2270,\xf0\x9f\x87\xac
2271,\xf0\x9f\x91\x90
2272,\xf0\x9f\x98\xb2
2273,\xf0\x9f\x8c\xba
2274,\xf0\x9f\x8c\x8c
2275,\xf0\x9f\x8f\xb0
2276,\xf0\x9f\xab\xa8
2277,\xf0\x9f\xa5\x94
2278,\xf0\x9f\xa6\xbb
2279,\xf0\x9f\x93\x88
2280,\xf0\x9f\x98\xa0
2281,\xf0\x9f\x94\xb9
2282,\xf0\x9f\x97\xbe
2283,\xf0\x9f\x8d\x98
2284,\xf0\x9f\x8e\xb5
2285,\xf0\x9f\x90\xa9
2286,\xf0\x9f\x8f\x8b
2287,\xf0\x9f\xa7\x9c
2288,\xf0\x9f\x9a\x85
2289,\xf0\x9f\x94\x84
2290,\xf0\x9f\x95\x90
2291,\xf0\x9f\x8d\xb3
2292,\xf0\x9f\x9b\x9c
2293,\xf0\x9f\x8c\xbe
2294,\xf0\x9f\x9b\x8f
2295,\xf0\x9f\xa6\x94
2296,\xf0\x9f\x91\x86
2297,\xf0\x9f\x8c\xac
2298,\xf0\x9f\x8e\x90
2299,\xf0\x9f\x9b\xbc
2300,\xf0\x9f\x8d\xb0
2301,\xf0\x9f\xa4\xa4
2302,\xf0\x9f\x97\x92
2303,\xf0\x9f\x92\x9a
2304,\xf0\x9f\x92\xbe
2305,\xf0\x9f\x90\xb3
2306,\xf0\x9f\x8f\x91
2307,\xf0\x9f\xaa\x88
2308,\xf0\x9f\x8c\x93
2309,\xf0\x9f\xa5\x92
2310,\xf0\x9f\x98\x90
2311,\xf0\x9f\x8d\x9c
2312,\xf0\x9f\x8e\x85
2313,\xf0\x9f\xa7\xb1
2314,\xf0\x9f\x93\x95
2315,\xf0\x9f\x93\xac
2316,\xf0\x9f\x8f\xaa
2317,\xf0\x9f\x94\x95
2318,\xf0\x9f\x93\x94
2319,\xf0\x9f\xa4\x9a
2320,\xf0\x9f\x8f\x9e
2321,\xf0\x9f\x90\xb2
2322,\xf0\x9f\x8f\xae
2323,\xf0\x9f\xa6\xbd
2324,\xf0\x9f\x9a\xb5
2325,\xf0\x9f\xaa\xb4
2326,\xf0\x9f\x94\x8d
2327,\xf0\x9f\x94\x8b
2328,\xf0\x9f\x8c\xb5
2329,\xf0\x9f\x98\x9c
2330,\xf0\x9f\xab\xa5
2331,\xf0\x9f\x9a\x89
2332,\xf0\x9f\xa4\xae
2333,\xf0\x9f\x90\xb0
2334,\xf0\x9f\x96\x8c
2335,\xf0\x9f\x98\x88
2336,\xf0\x9f\x98\x9f
2337,\xf0\x9f\x92\x89
2338,\xf0\x9f\x98\xbd
2339,\xf0\x9f\xab\x91
2340,\xf0\x9f\x95\xb0
2341,\xf0\x9f\x93\x8d
2342,\xf0\x9f\x93\xb8
2343,\xf0\x9f\x97\x9d
2344,\xf0\x9f\xaa\x86
2345,\xf0\x9f\x8e\xa7
2346,\xf0\x9f\x8c\xbc
2347,\xf0\x9f\x8e\x8b
2348,\xf0\x9f\x8d\xb5
2349,\xf0\x9f\x90\xbc
2350,\xf0\x9f\x91\xa3
2351,\xf0\x9f\x91\xa8
2352,\xf0\x9f\x8f\x8f
2353,\xf0\x9f\x97\xbc
2354,\xf0\x9f\x91\xa5
2355,\xf0\x9f\x94\xbc
2356,\xf0\x9f\xaa\x90
2357,\xf0\x9f\x98\x8f
2358,\xf0\x9f\xaa\x9d
2359,\xf0\x9f\xab\xa7
2360,\xf0\x9f\x8c\xaf
2361,\xf0\x9f\x9f\xa8
2362,\xf0\x9f\x8d\x99
2363,\xf0\x9f\xab\x94
2364,\xf0\x9f\x92\xb9
2365,\xf0\x9f\x8e\x9e
2366,\xf0\x9f\x90\x98
2367,\xf0\x9f\x93\x8b
2368,\xe2\x99\xbe
2369,\xe2\x9d\x8c
2370,\xe3\x8a\x99
2371,\xe2\x9d\x8e
2372,\xe2\x99\xa8
2373,\xe2\x86\x97
2374,\xe2\x9a\x95
2375,\xe2\x8f\xaa
2376,\xe2\x8f\xb3
2377,\xe2\x93\x82
2378,\xe2\x98\x81
2379,\xe2\x9b\xb7
2380,\xe2\x9d\x93
2381,\xe2\x8f\xab
2382,\xe2\x8f\xb1
2383,\xe2\x9b\x8f
2384,\xe2\x9c\x9d
2385,\xe2\xac\x86
2386,\xe2\x99\xbb
2387,\xe2\x8f\xa9
2388,\xe2\x86\xaa
2389,\xe2\x9c\x85
2390,\xe2\x98\x98
2391,\xe2\x9e\x96
2392,\xe2\x98\x91
2393,\xe2\x9d\x84
2394,\xe2\x9e\x97
2395,\xe2\x8f\xac
2396,\xe2\x9a\xbe
2397,\xe2\x98\x94
2398,\xe2\x86\x99
2399,\xe2\x98\xa6
2400,\xe2\x97\x80
2401,\xe2\x9d\xa3
2402,\xe2\x9b\xb4
2403,\xe2\x9d\x87
2404,\xe2\x9a\x94
2405,\xe2\x98\xae
2406,\xe2\x99\x92
2407,\xe2\x8f\xad
2408,\xe2\x99\x93
2409,\xe2\x99\x8d
2410,\xe2\x9a\x9b
2411,\xe2\x9b\x84
2412,\xe2\x9b\x88
2413,\xe2\x97\xbe
2414,\xe2\x99\x88
2415,\xe2\x96\xab
2416,\xe2\x96\xaa
2417,\xe2\x99\x8b
2418,\xe2\xad\x90
2419,\xe2\x9a\xa7
2420,\xe2\x9a\x96
2421,\xe2\x97\xbb
2422,\xe2\x9b\xb0
2423,\xe2\x86\x96
2424,\xe2\x98\x9d
2425,\xe2\x9c\xa1
2426,\xe2\x9e\xb0
2427,\xe2\x80\xbc
2428,\xe2\x9b\xb9
2429,\xe2\x9b\x94
2430,\xe2\x8f\xae
2431,\xe3\x80\xb0
2432,\xe2\x99\x8e
2433,\xe2\x8f\xba
2434,\xe2\x98\xb9
2435,\xe2\x9a\xbd
2436,\xe2\x99\x89
2437,\xe2\x9a\x9c
2438,\xe2\x9a\x99
2439,\xe2\x98\x82
2440,\xe2\x86\xa9
2441,\xe2\xac\x87
2442,\xe2\x97\xbc
2443,\xe2\x99\xa3
2444,\xe2\x8c\xa8
2445,\xe2\x8f\xb0
2446,\xe2\x9c\x8c
2447,\xe2\x8f\x8f
2448,\xe2\x9c\xb4
2449,\xe2\x96\xb6
2450,\xe2\x84\xa2
2451,\xe2\x99\xbf
2452,\xe2\x9b\xaa
2453,\xe2\x9c\x96
2454,\xe2\x86\x98
2455,\xe2\x9a\xaa
2456,\xe2\x9b\x8e
2457,\xe2\x9b\xb3
2458,\xe2\x81\x89
2459,\xe2\x8f\xaf
2460,\xe2\x98\xaa
2461,\xe2\x99\xa0
2462,\xe2\x9e\xbf
2463,\xe3\x8a\x97
2464,\xe2\x9b\x93
2465,\xe2\x8c\x9b
2466,\xe2\x9a\xa0
2467,\xe2\x9b\xb1
2468,\xe2\xad\x95
2469,\xe2\x9b\xb8
2470,\xe2\xac\x9c
2471,\xe2\x9a\xb0
2472,\xe2\x9d\x97
2473,\xe2\x99\x8c
2474,\xe2\x9a\xa1
2475,\xe2\x98\xa0
2476,\xe2\x98\x95
2477,\xe2\x9a\xb1
2478,\xe2\x8c\x9a
2479,\xe2\x9d\x95
2480,\xe2\x97\xbd
2481,\xe2\x9c\x94
2482,\xe2\x98\xba
2483,\xe2\x9b\x91
2484,\xe2\x84\xb9
2485,\xe2\x9d\x94
2486,\xe2\x9b\x85
2487,\xe2\x98\x80
2488,\xe2\x9c\x82
2489,\xe2\x98\x84
2490,\xe2\x9a\x92
2491,\xe2\x86\x95
2492,\xe2\x99\x82
2493,\xe2\xac\x85
2494,\xe2\x9a\xab
2495,\xe2\x9b\xba
2496,\xe2\x99\x90
2497,\xe2\x9c\x8d
2498,\xe2\x9d\xa4
2499,\xe2\x9c\x92
2500,\xe2\x9a\x97
2501,\xe2\x98\xa2
2502,\xe2\x99\x8f
2503,\xe2\x9e\x95
2504,\xe2\x98\x8e
2505,\xe2\x9c\x8f
2506,\xe2\x9c\xb3
2507,\xe2\x99\xa6
2508,\xe2\x9b\xa9
2509,\xe2\x9b\xb5
2510,\xe2\x98\xa3
2511,\xe2\xa4\xb5
2512,\xe2\x99\x80
2513,\xe2\x99\x9f
2514,\xe2\x9e\xa1
2515,\xe2\x9b\xb2
2516,\xe2\x8f\xb8
2517,\xe2\x99\x91
2518,\xe2\x9c\x88
2519,\xe2\x98\xaf
2520,\xe2\x9c\xa8
2521,\xe2\xac\x9b
2522,\xe2\x9c\x89
2523,\xe2\xa4\xb4
2524,\xe2\x99\xa5
2525,\xe2\x9c\x8b
2526,\xe2\x99\x8a
2527,\xe2\x9b\xbd
2528,\xe3\x80\xbd
2529,\xe2\x98\xb8
2530,\xe2\x9c\x8a
2531,\xe2\x8f\xb2
2532,\xe2\x86\x94
2533,\xe2\x8f\xb9
2534,\xe2\x9a\x93
2535,\xe2\x98\x83
2536,\xc2\xa9
2537,\xc2\xae
2538,\x23
2539,\x2a
2540,\x30
2541,\x39
2542,\x37
2543,\x32
2544,\x31
2545,\x35
2546,\x38
2547,\x33
2548,\x34
2549,\x36
